サービスID,アイテムID,13桁ISBN,カテゴリ,評価,読書状況,レビュー,タグ,読書メモ(非公開),登録日時,読了日,タイトル,著者,出版社名,発行年,タイプ,ページ数
1,4.49E+09,9.78E+12,小説,,いま読んでる,,,,2025/12/8 18:49,,屍人荘の殺人 (創元推理文庫),今村昌弘,東京創元社,2019,本,384
1,4.10E+09,9.78E+12,自然科学,5,読み終わった,,,,2025/12/8 7:39,2025/12/8 0:00,センス・オブ・ワンダー (新潮文庫),レイチェル・カーソン,新潮社,2021,本,144
1,B0FRN8DTGM,4.91E+12,雑誌,3,読み終わった,,,,2025/12/6 13:56,2025/12/6 0:00,中央公論 (2025年11月号) (月刊誌),中央公論新社,中央公論新社,2025,雑誌,
1,4.10E+09,9.78E+12,小説,5,読み終わった,,,,2025/12/1 23:24,2025/12/2 0:00,ぼくは勉強ができない (新潮文庫 や-34-6 新潮文庫),山田詠美,新潮社,1996,本,288
1,B0DJNJ7YFJ,,雑誌,3,読み終わった,,,,2025/11/29 10:19,2025/11/29 0:00,中央公論２０２４年１１月号 [雑誌],中央公論編集部,中央公論新社,2024,電子書籍,
1,B0DGDQRTXC,,ノンフィクション・エッセイ,3,読み終わった,,,,2025/11/27 22:38,2025/11/27 0:00,本 vs 煙草 5分文庫,ジョージ・オーウェル,ラルボー書房,,電子書籍,16
1,4.84E+09,9.78E+12,芸術・スポーツ,3,読み終わった,,,,2025/11/24 11:18,2025/11/24 0:00,NO BOOK NO LIFE,雷鳥社編集部,雷鳥社,2014,本,320
1,4.10E+09,9.78E+12,小説,,積読,,,,2025/11/17 8:26,,ツナグ (新潮文庫),辻村深月,新潮社,2012,本,448
1,4.33E+09,9.78E+12,IT・統計,4,読み終わった,,,,2025/11/16 17:33,2025/12/5 0:00,データ分析の力 因果関係に迫る思考法,伊藤公一朗,光文社,2017,本,
1,4.30E+09,9.78E+12,IT・統計,5,読み終わった,,,,2025/11/16 17:24,2025/11/28 0:00,教養としてのコンピューターサイエンス講義 第2版 今こそ知っておくべき「デジタル世界」の基礎知識,ブライアン・カーニハン,日経BP,2022,本,540
1,4.04E+09,9.78E+12,小説,5,読み終わった,,,,2025/11/11 7:43,2025/11/14 0:00,ペンギン・ハイウェイ (角川文庫),森見登美彦,角川書店,2012,本,400
1,4.10E+09,9.78E+12,小説,5,読み終わった,,,,2025/11/2 8:33,2025/11/10 0:00,BUTTER (新潮文庫),柚木麻子,新潮社,2020,本,592
1,4.02E+09,9.78E+12,小説,3,読み終わった,,,,2025/10/30 18:41,2025/10/30 0:00,君のクイズ (朝日文庫),小川哲,朝日新聞出版,2025,本,248
1,4.10E+09,9.78E+12,小説,4,読み終わった,,,,2025/10/25 15:34,2025/10/27 0:00,龍神の雨 (新潮文庫),道尾秀介,新潮社,2012,本,416
1,4.48E+09,9.78E+12,自然科学,4,読み終わった,,,,2025/10/19 15:27,2025/10/22 0:00,すばらしい人体 あなたの体をめぐる知的冒険,山本健人,ダイヤモンド社,2021,本,376
1,4.10E+09,9.78E+12,雑誌,4,読み終わった,,,,2025/10/19 15:26,2025/10/15 0:00,GOAT Summer 2025,朝井リョウ,小学館,2025,雑誌,520
1,4.79E+09,9.78E+12,経済・社会科学,4,読み終わった,,,,2025/10/6 7:48,2025/10/14 0:00,なぜ私たちは燃え尽きてしまうのか,ジョナサン・マレシック,青土社,2023,本,360
1,4.05E+09,9.78E+12,自然科学,4,読み終わった,,,,2025/10/2 8:10,2025/10/23 0:00,高校 生物基礎をひとつひとつわかりやすく。,平山寛之,学研マーケティング,2014,本,160
1,4.04E+09,9.78E+12,自然科学,3,読み終わった,,,,2025/9/26 0:27,2025/9/26 0:00,ロウソクの科学 (角川文庫),ファラデー,角川書店,2012,本,208
1,4.32E+09,9.78E+12,IT・統計,3,読み終わった,,,,2025/9/23 13:00,2025/11/2 0:00,ゼロからわかる統計と確率 (ニュートンムック Newton別冊),ニュートンプレス,ニュートンプレス,2020,雑誌,176
1,4.17E+09,9.78E+12,小説,4,読み終わった,,,,2025/9/21 15:02,2025/9/22 0:00,カラフル (文春文庫),森絵都,文藝春秋,2007,本,272
1,4.33E+09,9.78E+12,小説,5,読み終わった,,,,2025/9/17 23:53,2025/9/19 10:28,ラットマン (光文社文庫 み-31-1),道尾秀介,光文社,2010,本,336
1,4.10E+09,9.78E+12,自然科学,4,読み終わった,,,,2025/9/13 0:01,2025/9/13 0:01,新版 動的平衡 生命はなぜそこに宿るのか (小学館新書),福岡伸一,小学館,2017,本,320
1,B0C3QMKGXR,,漫画,4,読み終わった,,,,2025/9/9 21:04,2025/9/22 0:00,将太の寿司【極！単行本シリーズ】9巻,寺沢大介,ライツコーポレーション,2023,電子書籍,
1,B0C3QN1YN4,,漫画,4,読み終わった,,,,2025/9/9 21:04,2025/9/25 0:00,将太の寿司【極！単行本シリーズ】10巻,寺沢大介,ライツコーポレーション,2023,電子書籍,
1,B0C3QN37R6,,漫画,4,読み終わった,,,,2025/9/9 21:04,2025/9/27 0:00,将太の寿司【極！単行本シリーズ】11巻,寺沢大介,ライツコーポレーション,2023,電子書籍,
1,B0C3QNS9P7,,漫画,4,読み終わった,,,,2025/9/9 21:04,2025/9/28 0:00,将太の寿司【極！単行本シリーズ】12巻,寺沢大介,ライツコーポレーション,2023,電子書籍,
1,B0C3QQH16Z,,漫画,,積読,,,,2025/9/9 21:04,,将太の寿司【極！単行本シリーズ】13巻,寺沢大介,ライツコーポレーション,2023,電子書籍,
1,B0C3QKST3R,,漫画,,積読,,,,2025/9/9 21:04,,将太の寿司【極！単行本シリーズ】14巻,寺沢大介,ライツコーポレーション,2023,電子書籍,
1,B0C3QM9NZH,,漫画,4,読み終わった,,,,2025/9/9 21:03,2025/9/10 0:00,将太の寿司【極！単行本シリーズ】6巻,寺沢大介,ライツコーポレーション,2023,電子書籍,
1,B0C3QNYWMW,,漫画,4,読み終わった,,,,2025/9/9 21:03,2025/9/12 0:00,将太の寿司【極！単行本シリーズ】7巻,寺沢大介,ライツコーポレーション,2023,電子書籍,
1,B0C3QKTD1B,,漫画,4,読み終わった,,,,2025/9/9 21:03,2025/9/13 14:08,将太の寿司【極！単行本シリーズ】8巻,寺沢大介,ライツコーポレーション,2023,電子書籍,
1,B0C3QRH73N,,漫画,4,読み終わった,,,,2025/9/5 12:16,2025/9/4 0:00,将太の寿司【極！単行本シリーズ】4巻,寺沢大介,ライツコーポレーション,2023,電子書籍,
1,B0C3QN4WFW,,漫画,4,読み終わった,,,,2025/9/5 12:16,2025/9/9 21:02,将太の寿司【極！単行本シリーズ】5巻,寺沢大介,ライツコーポレーション,2023,電子書籍,
1,B0C3QLC4JF,,漫画,4,読み終わった,,,,2025/9/5 12:15,2025/9/2 0:00,将太の寿司【極！単行本シリーズ】2巻,寺沢大介,ライツコーポレーション,2023,電子書籍,
1,B0C3QM1K7C,,漫画,4,読み終わった,,,,2025/9/5 12:15,2025/9/3 0:00,将太の寿司【極！単行本シリーズ】3巻,寺沢大介,ライツコーポレーション,2023,電子書籍,
1,B0C3QPPCY9,,漫画,4,読み終わった,,,,2025/9/5 12:14,2025/9/1 0:00,将太の寿司【極！単行本シリーズ】1巻,寺沢大介,ライツコーポレーション,2023,電子書籍,
1,4.06E+09,9.78E+12,自然科学,5,読み終わった,,,,2025/9/2 22:38,2025/9/8 18:32,生物と無生物のあいだ (講談社現代新書),福岡伸一,講談社,2007,本,288
1,486064641X,9.78E+12,学習・教育,5,読み終わった,,,,2025/9/1 12:16,2025/10/2 0:00,中学校3年分の数学が教えられるほどよくわかる 増補改訂版,小杉拓也,ベレ出版,2020,本,
1,4.48E+09,9.78E+12,学習・教育,4,読み終わった,,,,2025/9/1 12:15,2025/9/1 12:15,何のために「学ぶ」のか <中学生からの大学講義>1 (ちくまプリマー新書 中学生からの大学講義 226),外山滋比古,筑摩書房,2015,本,208
1,4.16E+09,9.78E+12,小説,4,読み終わった,,,,2025/8/21 12:13,2025/8/28 8:09,YABUNONAKA―ヤブノナカ―,金原ひとみ,文藝春秋,2025,本,528
1,B00JPXECAC,,漫画,3,読み終わった,,,,2025/8/19 8:40,2025/8/19 8:40,ショート・アラベスク,手塚治虫,手塚プロダクション,,電子書籍,254
1,4.25E+09,9.78E+12,漫画,3,読み終わった,,,,2025/8/17 1:48,2025/8/16 0:00,日本発狂 (サンデー・コミックス),手塚治虫,秋田書店,1999,マンガ,228
1,4.48E+09,9.78E+12,IT・統計,4,読み終わった,,,,2025/8/8 12:55,2025/8/20 12:38,完全独習 統計学入門,小島寛之,ダイヤモンド社,2006,本,208
1,4.48E+09,9.78E+12,IT・統計,4,読み終わった,,,,2025/8/6 7:48,2025/8/8 12:53,マンガ 統計学が最強の学問である,西内啓,ダイヤモンド社,2025,本,368
1,4.53E+09,9.78E+12,IT・統計,4,読み終わった,,,,2025/8/5 12:33,2025/8/5 12:33,データサイエンティスト入門 (日経文庫 I75),野村総合研究所データサイエンスラボ,日経BPM,2021,本,224
1,4.86E+09,9.78E+12,IT・統計,5,読み終わった,,,,2025/7/31 10:03,2025/7/31 10:43,こども統計学 なぜ統計学が必要なのかがわかる本,バウンド,カンゼン,2020,本,160
1,4.10E+09,9.78E+12,雑誌,4,読み終わった,,,,2025/7/30 11:36,2025/8/8 7:48,GOAT,西加奈子,小学館,2024,雑誌,526
1,B01IP5S7BK,,自然科学,,読みたい,,,,2025/7/22 21:51,,面白くて眠れなくなる植物学,稲垣 栄洋,PHP研究所,2016,電子書籍,184
1,4.04E+09,9.78E+12,IT・統計,,読みたい,,,,2025/7/16 15:57,,ザ・シークレット・ナンバーズ 数学の世界の知られざる先駆者たち,北川ケイト,KADOKAWA,2025,本,360
1,4.49E+09,9.78E+12,小説,,読みたい,,,,2025/7/16 15:56,,ユダの窓 (創元推理文庫),カーター・ディクスン,東京創元社,2015,本,414
1,4.15E+09,9.78E+12,小説,,読みたい,,,,2025/7/16 15:56,,時の娘 (ハヤカワ・ミステリ文庫),ジョセフィン・テイ,早川書房,1977,本,352
1,4.16E+09,9.78E+12,自然科学,,読みたい,,,,2025/7/16 15:56,,これが物理学だ! マサチューセッツ工科大学「感動」講義,ウォルター・ルーウィン,文藝春秋,2012,本,416
1,4.04E+09,9.78E+12,小説,,読みたい,,,,2025/7/16 15:55,,シャーロック・ホームズの冒険 (角川文庫),アーサー・コナン・ドイル,角川書店,2010,本,464
1,4.09E+09,9.78E+12,自然科学,,読みたい,,,,2025/7/16 15:54,,僕には鳥の言葉がわかる,鈴木俊貴,小学館,2025,本,264
1,4.13E+09,9.78E+12,自然科学,,読みたい,,,,2025/7/16 15:54,,動物生理学 環境への適応,沼田英治,東京大学出版会,2007,本,600
1,B009B0U3P2,,詩歌,4,読み終わった,,,,2025/7/13 16:55,2025/7/13 16:55,〔雨ニモマケズ〕,宮沢 賢治,,2012,電子書籍,4
1,4.10E+09,9.78E+12,小説,3,読み終わった,,,,2025/7/13 16:48,2025/7/15 12:24,雪国 (新潮文庫 か-1-1),川端康成,新潮社,1987,本,181
1,4.90E+09,9.78E+12,小説,3,読み終わった,,,,2025/7/12 17:15,2025/7/12 21:33,ノベライズ 花束みたいな恋をした,坂元裕二,リトル・モア,2021,本,192
1,4.10E+09,9.78E+12,小説,4,読み終わった,,,,2025/7/4 12:48,2025/7/23 22:13,向日葵の咲かない夏 (新潮文庫),道尾秀介,新潮社,2008,本,480
1,4.07E+09,9.78E+12,哲学・宗教,4,読み終わった,,,,2025/7/4 12:46,2025/7/11 6:39,現代思想入門 (講談社現代新書),千葉雅也,講談社,2022,本,248
1,4.48E+09,9.78E+12,自然科学,4,読み終わった,,,,2025/7/4 12:46,2025/8/1 0:00,ウォード博士の驚異の「動物行動学入門」 動物のひみつ 争い・裏切り・協力・繁栄の謎を追う,アシュリー・ウォード,ダイヤモンド社,2024,本,736
1,4.09E+09,9.78E+12,ノンフィクション・エッセイ,4,読み終わった,,,,2025/6/30 22:46,2025/7/2 19:20,なぜ働いていると本が読めなくなるのか (集英社新書),三宅香帆,集英社,2024,本,288
1,4.49E+09,9.78E+12,小説,4,読み終わった,,,,2025/6/29 17:26,2025/6/30 6:25,シャドウ (創元推理文庫),道尾秀介,東京創元社,2009,本,348
1,429611767X,9.78E+12,その他,4,読み終わった,,,,2025/6/29 17:26,2025/7/4 12:45,子どもとの関係が変わる 自分の親に読んでほしかった本,フィリッパ・ペリー,日経BP,2023,本,356
1,B09CPBMY26,,経営戦略,4,読み終わった,,,,2025/6/26 7:49,2025/6/26 12:15,マッキンゼーが解き明かす 生き残るためのDX (日本経済新聞出版),黒川通彦,日経BP,2021,電子書籍,258
1,B00PIWTOOS,,漫画,3,読み終わった,,,,2025/6/22 21:52,2025/6/26 7:49,アシュラ　完結編,ジョージ秋山,eBookJapan Plus,2014,電子書籍,50
1,B017OTTKWI,,漫画,4,読み終わった,,,,2025/6/22 6:49,2025/6/22 6:49,アシュラ(1),ジョージ秋山,ゴマブックス株式会社,,電子書籍,217
1,B017OTTKUK,,漫画,4,読み終わった,,,,2025/6/22 6:49,2025/6/22 6:49,アシュラ(2),ジョージ秋山,ゴマブックス株式会社,,電子書籍,253
1,B017OTTKXM,,漫画,4,読み終わった,,,,2025/6/22 6:49,2025/6/22 6:49,アシュラ(3),ジョージ秋山,ゴマブックス株式会社,,電子書籍,254
1,B07H82NW2F,,自然科学,4,読み終わった,,,,2025/6/18 16:01,2025/7/22 21:50,世界史を大きく動かした植物,稲垣 栄洋,PHP研究所,2018,電子書籍,185
1,4.07E+09,9.78E+12,小説,5,読み終わった,,,,2025/6/12 12:42,2025/6/12 12:42,対岸の家事 (講談社文庫),朱野帰子,講談社,2021,本,448
1,4.82E+09,9.78E+12,経済・社会科学,4,読み終わった,,,,2025/6/3 19:54,2025/6/28 8:51,コンテナ物語 世界を変えたのは「箱」の発明だった,村井章子,日経BP社,2007,本,448
1,4.40E+09,9.78E+12,小説,4,読み終わった,,,,2025/4/25 19:41,2025/5/6 23:43,家康、江戸を建てる,門井慶喜,祥伝社,2016,本,
1,B0DK84V9LX,,ノンフィクション・エッセイ,3,読み終わった,,,,2025/4/22 12:55,2025/4/22 12:55,人生の壁（新潮新書） （「壁」シリーズ）,養老孟司,新潮社,2024,電子書籍,152
1,B0CM2YJ34N,,IT・統計,3,読み終わった,,,,2025/4/22 8:14,2025/5/5 14:04,生成AIで世界はこう変わる (SB新書),今井 翔太,SBクリエイティブ,2024,電子書籍,199
1,4.89E+09,9.78E+12,学習・教育,3,読み終わった,,,,2025/4/20 14:28,2025/6/21 7:51,大岩のいちばんはじめ英文法【超基礎文法編】,大岩秀樹,ナガセ,2014,本,240
1,B0F48BTWDN,,自然科学,5,読み終わった,,,,2025/4/17 7:27,2025/6/5 8:19,"動物には何が見え,聞こえ、感じられるのか　人間には感知できない驚異の環世界",エド・ヨン,柏書房,2025,電子書籍,753
1,B082MXPXVF,,漫画,4,読み終わった,,,,2025/4/16 21:46,2025/4/18 0:00,【極！合本シリーズ】 サトラレ2巻,佐藤マコト,ライツコーポレーション,2020,電子書籍,
1,B082MYSXMB,,漫画,4,読み終わった,,,,2025/4/16 21:46,2025/4/19 0:00,【極！合本シリーズ】 サトラレ3巻,佐藤マコト,ライツコーポレーション,2020,電子書籍,621
1,B088YKSVJY,,漫画,4,読み終わった,,,,2025/4/16 21:46,2025/4/20 0:00,【極！合本シリーズ】 サトラレ4巻,佐藤マコト,ライツコーポレーション,2020,電子書籍,
1,B082MYL33T,,漫画,4,読み終わった,,,,2025/4/16 21:45,2025/4/13 0:00,【極！合本シリーズ】 サトラレ1巻,佐藤マコト,ライツコーポレーション,2020,電子書籍,
1,B08BZBGXXS,,学習・教育,3,読み終わった,,,,2025/4/16 18:07,2025/4/16 18:07,Robot Children's Book : I built a robot (Kids Read Daily Level 1) (English Edition),A.D.Largie,KIDS READ DAILY,,電子書籍,31
1,B08BZ5H6K9,,学習・教育,3,読み終わった,,,,2025/4/15 18:14,2025/4/15 18:14,I Like Pirates: Level 1 books (Kids Read Daily Level 1) (English Edition),A.D.Largie,Kids Read Daily,,電子書籍,31
1,B08BR52QW1,,学習・教育,3,読み終わった,,,,2025/4/15 18:06,2025/4/15 18:06,King David For Kids : I can read books level 1 (Kids Read Daily Level 1) (English Edition),A.D.Largie,Kemet Kids Books,2020,電子書籍,37
1,B08BN8LWYF,,学習・教育,3,読み終わった,,,,2025/4/14 18:14,2025/4/14 18:14,Kindness Is King: kindness for kids (Kids Read Daily Level 1) (English Edition),A.D.Largie,KIDS READ DAILY,2020,電子書籍,31
1,B08BJRN1MS,,学習・教育,3,読み終わった,,,,2025/4/14 18:05,2025/4/14 18:05,Feeling Good For Kids: I Can Read Level 1 (Kids Read Daily Level 1) (English Edition),A.D. Largie,Kemet Kids Books,2020,電子書籍,30
1,B08933DVPT,,学習・教育,3,読み終わった,,,,2025/4/10 18:01,2025/4/10 18:05,Steph Curry Kids Book: level 1 readers for kids (Kids Read Daily Level 1) (English Edition),A.D.Largie,Kids Read Daily,,電子書籍,29
1,B088QS6BMY,,学習・教育,3,読み終わった,,,,2025/4/10 17:57,2025/4/10 18:00,Lebron James Kids Book: level 1 reader (Kids Read Daily Level 1) (English Edition),A.D.Largie,KIDS READ DAILY,,電子書籍,25
1,B088Q7NP7L,,学習・教育,3,読み終わった,,,,2025/4/10 17:56,2025/4/10 17:56,Human Body Homeschool: Skin: human body for kids (Kids Read Daily Level 1) (English Edition),A.D.Largie,KIDS READ DAILY,,電子書籍,24
1,B08KRZQ2N8,,学習・教育,3,読み終わった,,,,2025/4/9 18:11,2025/4/9 18:11,Trees For Kids: Trees Have Many Jobs: Level 1 Reading Books For Children (Kids Read Daily Level 1) (English Edition),A.D. Largie,Kids Read Daily,,電子書籍,27
1,B088JWKHGD,,学習・教育,3,読み終わった,,,,2025/4/9 18:11,2025/4/9 21:52,Trees For Kids: So Many Kinds Of Trees: Nature book children for level 1 readers (Kids Read Daily Level 1) (English Edition),A.D.Largie,Kids Read Daily,,電子書籍,27
1,B088B4R8QC,,学習・教育,3,読み終わった,,,,2025/4/9 18:02,2025/4/9 18:02,I Like Dinosaurs: Level 1 Reading Book (Kids Read Daily Level 1) (English Edition),A.D.Largie,Kids Read Daily,,電子書籍,39
1,B088611Q6W,,学習・教育,3,読み終わった,,,,2025/4/8 17:56,2025/4/8 0:00,When I Grow Up Books For Kids: level 1 books (Kids Read Daily Level 1) (English Edition),A.D. Largie,Kids Read Daily,,電子書籍,39
1,B08819ZGTX,,学習・教育,3,読み終わった,,,,2025/4/8 7:41,2025/4/7 0:00,In The Ocean: Level 1 Readers (Kids Read Daily Level 1) (English Edition),A.D.Largie,Kids Read Daily,,電子書籍,29
1,B087PNWPH1,,学習・教育,3,読み終わった,,,,2025/4/8 7:39,2025/4/7 0:00,Astronaut Book For Kids: Level 1 Reading Book (Kids Read Daily Level 1) (English Edition),A.D.Largie,Kids Read Daily,,電子書籍,25
1,B087Z1SHMX,,学習・教育,3,読み終わった,,,,2025/4/8 7:39,2025/4/7 0:00,Human Body Homeschool: Bones: Level 1 Book (Kids Read Daily Level 1) (English Edition),A.D.Largie,Kids Read Daily,,電子書籍,28
1,B0CL6GXXYZ,,学習・教育,,積読,,,,2025/4/8 7:36,,やり直し：０から始める英語多読: やり直し英語多読,Shu1Works,,,電子書籍,146
1,B0B81L568R,,仕事術,3,読み終わった,,,,2025/4/5 6:47,2025/4/5 6:47,知らないと損をする税金の話 副業のプロと税理士がタッグで教えるプロフェッショナルサラリーマンの節税スキル,俣野 成敏,Clover出版,2022,電子書籍,
1,B0B7RQN36J,,小説,3,読み終わった,,,,2025/4/2 6:37,2025/4/5 6:46,いけない (文春文庫),道尾 秀介,文藝春秋,2022,電子書籍,240
1,456984734X,9.78E+12,仕事術,2,読み終わった,,,,2025/3/30 21:35,2025/3/29 0:00,自分を操り、不安をなくす 究極のマインドフルネス,メンタリストDaiGo,PHP研究所,2020,本,237
1,4.06E+09,9.78E+12,自然科学,4,読み終わった,,,,2025/3/29 17:22,2025/4/17 21:18,たんぱく質入門 (ブルーバックス),武村政春,講談社,2011,本,256
1,4.31E+09,9.78E+12,経済・社会科学,4,読み終わった,,,,2025/3/29 17:22,2025/4/6 10:28,NEXUS 情報の人類史 上 人間のネットワーク,ユヴァル・ノア・ハラリ,河出書房新社,2025,本,304
1,4.31E+09,9.78E+12,経済・社会科学,4,読み終わった,,,,2025/3/29 17:22,2025/4/14 12:05,NEXUS 情報の人類史 下 AI革命,ユヴァル・ノア・ハラリ,河出書房新社,2025,本,328
1,4.07E+09,9.78E+12,小説,4,読み終わった,,,,2025/3/25 12:49,2025/3/29 17:16,カエルの小指 a murder of crows (講談社文庫),道尾秀介,講談社,2022,本,448
1,4.04E+09,9.78E+12,哲学・宗教,4,読み終わった,,,,2025/3/17 20:15,2025/3/25 12:49,空海「秘蔵宝鑰」 こころの底を知る手引き ビギナーズ 日本の思想 (角川ソフィア文庫),空海,KADOKAWA,2010,本,288
1,4.04E+09,9.78E+12,哲学・宗教,4,読み終わった,,,,2025/3/17 20:14,2025/3/18 12:50,空海「三教指帰」 ビギナーズ 日本の思想 (角川ソフィア文庫),加藤純隆,KADOKAWA,2007,本,192
1,4.09E+09,9.78E+12,小説,4,読み終わった,,,,2025/3/10 21:11,2025/3/13 11:38,のぼうの城 (上),和田竜,小学館,2010,本,224
1,4.09E+09,9.78E+12,小説,5,読み終わった,,,,2025/3/10 21:11,2025/3/14 6:38,のぼうの城 (下),和田竜,小学館,2010,本,224
1,4.16E+09,9.78E+12,小説,2,読み終わった,,,,2025/2/25 2:09,2025/3/3 22:42,コード・ブッダ 機械仏教史縁起,円城塔,文藝春秋,2024,本,360
1,4.80E+09,9.78E+12,哲学・宗教,4,読み終わった,,,,2025/2/23 10:11,2025/2/23 10:11,自分とか、ないから。 教養としての東洋哲学,しんめいP,サンクチュアリ出版,2024,本,
1,4.04E+09,9.78E+12,哲学・宗教,4,読み終わった,,,,2025/2/15 10:38,2025/2/27 0:00,空海入門 (角川ソフィア文庫),加藤精一,角川学芸出版,2012,本,208
1,4.57E+09,9.78E+12,哲学・宗教,5,読み終わった,"全ては空である。
この一言に尽きる。

訳も分かり易くスッと頭に入ってくる。

が、理屈だけ分かってもダメで、体で体感する事が大切。

「有るでも無いでも無い」
この感覚が悟れるよう、日々の瞑想に努めていきたい。",,,2025/2/11 21:50,2025/2/14 12:43,超訳「般若心経」 (PHP文庫),苫米地英人,PHP研究所,2015,本,208
1,4.17E+09,9.78E+12,小説,3,読み終わった,,,,2025/2/1 9:00,2025/2/10 6:56,それもまたちいさな光 (文春文庫),角田光代,文藝春秋,2012,本,224
1,4.17E+09,9.78E+12,経済・社会科学,4,読み終わった,,,,2025/1/25 21:42,2025/1/31 12:48,世界秩序が変わるとき 新自由主義からのゲームチェンジ (文春新書),齋藤ジン,文藝春秋,2024,本,256
1,4.86E+09,9.78E+12,小説,3,読み終わった,,,,2025/1/25 21:41,2025/1/26 9:21,変な家 文庫版,雨穴,飛鳥新社,2024,本,256
1,4.10E+09,9.78E+12,小説,4,読み終わった,,,,2025/1/7 6:51,2025/1/9 12:50,成瀬は天下を取りにいく,宮島未奈,新潮社,2023,本,208
1,4.06E+09,9.78E+12,小説,4,読み終わった,,,,2025/1/2 21:26,2025/3/10 12:44,カラスの親指 by rule of CROW’s thumb (講談社文庫),道尾秀介,講談社,2011,本,520
1,4.09E+09,9.78E+12,ノンフィクション・エッセイ,5,読み終わった,,,,2025/1/2 17:06,2025/1/6 12:52,ファスト教養 10分で答えが欲しい人たち (集英社新書),レジー,集英社,2022,本,256
1,4.80E+09,9.78E+12,その他,3,読み終わった,,,,2024/12/25 10:21,2024/12/31 9:03,もし文豪たちがカップ焼きそばの作り方を書いたら (宝島SUGOI文庫),神田桂一,宝島社,2018,本,
1,B0893HK8X9,,経済・社会科学,3,読み終わった,,,,2024/12/11 7:30,2024/12/25 11:44,ネット社会を生きる10ヵ条,ダグラス・ラシュコフ,株式会社ボイジャー,,電子書籍,212
1,4.34E+09,9.78E+12,小説,4,読み終わった,,,,2024/11/18 23:12,2024/7/11 0:00,モンスター (幻冬舎文庫),百田尚樹,幻冬舎,2012,本,496
1,B0894NHJ11,,小説,4,読み終わった,,,,2024/11/18 22:57,2024/5/18 0:00,風の中のマリア (講談社文庫),百田尚樹,講談社,2011,電子書籍,240
1,B09HBHQW7M,,小説,4,読み終わった,,,,2024/11/18 22:57,2024/4/22 0:00,幸福な生活 (祥伝社文庫),百田尚樹,祥伝社,2013,電子書籍,
1,4.00E+09,9.78E+12,ノンフィクション・エッセイ,5,読み終わった,,,,2024/11/18 22:55,2024/10/10 0:00,後世への最大遺物・デンマルク国の話 (岩波文庫),内村鑑三,岩波書店,2011,本,144
1,456966427X,9.78E+12,ノンフィクション・エッセイ,3,読み終わった,,,,2024/11/18 22:55,2024/9/12 0:00,武士道 いま、拠って立つべき“日本の精神” (PHP文庫),新渡戸稲造,PHP研究所,2005,本,224
1,4.00E+09,9.78E+12,自然科学,4,読み終わった,,,,2024/11/18 22:55,2024/10/26 0:00,生物から見た世界 (岩波文庫),ユクスキュル,岩波書店,2005,本,190
1,4.00E+09,9.78E+12,哲学・宗教,5,読み終わった,,,,2024/11/18 22:54,2024/9/25 0:00,自省録(マルクス・アウレーリウス) (岩波文庫 青610-1),マルクス・アウレーリウス,岩波書店,2007,本,232
1,4.00E+09,9.78E+12,哲学・宗教,4,読み終わった,,,,2024/11/18 22:54,2024/9/30 0:00,生の短さについて 他二篇 (岩波文庫 青607-1),セネカ,岩波書店,2010,本,300
1,4.12E+09,9.78E+12,哲学・宗教,3,読み終わった,,,,2024/11/18 22:54,2024/10/5 0:00,語録 要録 (中公クラシックス),エピクテトス,中央公論新社,2017,本,272
1,415050511X,9.78E+12,自然科学,5,読み終わった,,,,2024/11/18 22:53,2024/12/29 0:00,人体600万年史 科学が明かす進化・健康・疾病 (上) (ハヤカワ文庫NF),ダニエル・E.リーバーマン,早川書房,2017,本,384
1,4.15E+09,9.78E+12,自然科学,5,読み終わった,,,,2024/11/18 22:53,2025/1/23 0:00,人体六〇〇万年史 下 科学が明かす進化・健康・疾病 (ハヤカワ文庫NF),塩原通緒,早川書房,2017,本,400
1,4.82E+09,9.78E+12,IT・統計,,積読,,,,2024/11/18 22:53,,イラスト図解式 この一冊で全部わかるネットワークの基本 第2版,福永勇二,SBクリエイティブ,2023,本,200
1,4.82E+09,9.78E+12,IT・統計,,積読,,,,2024/11/18 22:53,,イラスト図解式 この一冊で全部わかるサーバーの基本 第2版,きはしまさひろ,SBクリエイティブ,2022,本,192
1,4.80E+09,9.78E+12,IT・統計,,積読,,,,2024/11/18 22:53,,イラスト図解式 この一冊で全部わかるクラウドの基本 第2版,林雅之,SBクリエイティブ,2019,本,192
1,4.05E+09,9.78E+12,ノンフィクション・エッセイ,4,読み終わった,,,,2024/11/18 22:53,2024/9/18 0:00,なぜ僕らは働くのか 君が幸せになるために考えてほしい大切なこと,佳奈,学研プラス,2020,本,228
1,4.10E+09,9.78E+12,哲学・宗教,4,読み終わった,,,,2024/11/18 22:53,2024/4/24 0:00,暇と退屈の倫理学 (新潮文庫),國分功一郎,新潮社,2021,本,512
1,4.06E+09,9.78E+12,小説,5,読み終わった,,,,2024/11/18 22:52,2024/7/18 0:00,影法師 (講談社文庫),百田尚樹,講談社,2012,本,408
1,406276413X,9.78E+12,小説,,積読,,,,2024/11/18 22:52,,永遠の0 (講談社文庫),百田尚樹,講談社,2009,本,608
1,4.10E+09,9.78E+12,小説,4,読み終わった,,,,2024/11/18 22:52,2025/7/8 12:45,夏の騎士 (新潮文庫),百田尚樹,新潮社,2021,本,288
1,4.06E+09,9.78E+12,小説,4,読み終わった,,,,2024/11/18 22:52,2024/6/18 0:00,十角館の殺人 <新装改訂版> (講談社文庫),綾辻行人,講談社,2007,本,512
1,4.10E+09,9.78E+12,小説,5,読み終わった,,,,2024/11/18 22:52,2024/11/28 12:59,リプレイ (新潮文庫),ケン・グリムウッド,新潮社,1990,本,474
1,4.31E+09,9.78E+12,自然科学,3,読み終わった,,,,2024/11/18 22:52,2024/12/6 12:52,この世界が消えたあとの 科学文明のつくりかた (河出文庫),ルイス・ダートネル,河出書房新社,2018,本,432
1,4.30E+09,9.78E+12,自己啓発,3,読み終わった,,,,2024/11/18 22:47,2024/7/18 0:00,さあ、才能(じぶん)に目覚めよう 最新版 ストレングス・ファインダー2.0,ジム・クリフトン,日経BP,2023,本,224
1,4.80E+09,9.78E+12,仕事術,4,読み終わった,,,,2024/11/18 22:47,2024/8/18 0:00,行動が結果を変える ハック大学式 最強の仕事術,ハック大学ぺそ,ソシム,2020,本,212
1,476313860X,9.78E+12,自己啓発,3,読み終わった,,,,2024/11/18 22:47,2024/8/18 0:00,News Diet,ロルフ・ドベリ,サンマーク出版,2021,本,304
1,4.53E+09,9.78E+12,自己啓発,3,読み終わった,,,,2024/11/18 22:46,2024/9/18 0:00,達人のサイエンス 真の自己成長のために,ジョージ・レナード,日本教文社,1994,本,210
1,B0B92BR151,,芸術・スポーツ,3,読み終わった,,,,2024/11/18 22:42,2024/11/17 0:00,筋肥大の3原理・5原則: 筋肥大に、裏ワザはない。 Kindle筋トレ読本,浅見　陽輔,,,電子書籍,233
1,B0CP212ZQP,,その他,3,読み終わった,,,,2024/11/18 22:42,2024/11/17 0:00,超改訂版　難しいことはわかりませんが、お金の増やし方を教えてください！,山崎元,文響社,2023,電子書籍,323
1,B0BH3PZ2L2,,芸術・スポーツ,3,読み終わった,,,,2024/11/18 22:41,2024/11/16 0:00,最強の懸垂トレーニング: 懸垂（チンニング）マシンで、強い背中を作る。自宅筋トレ「最強」シリーズ第2弾！ Kindle筋トレ読本,浅見　陽輔,,2022,電子書籍,205
1,B01GF9HOH6,,学習・教育,3,読み終わった,,,,2024/11/18 22:40,2024/11/18 0:00,学びとは何か－〈探究人〉になるために (岩波新書),今井 むつみ,岩波書店,2016,電子書籍,232
1,B093GZMY4C,,漫画,3,読み終わった,,,,2024/11/18 22:39,2024/10/22 0:00,漫画　人間失格,太宰治,文響社,2021,電子書籍,198
1,B07NXQW2NX,,芸術・スポーツ,3,読み終わった,,,,2024/11/18 22:38,2024/10/13 0:00,プリズナートレーニング外伝　監獄式ボディビルディング,ポール・ウエイド,ＣＥメディアハウス,2019,電子書籍,231
1,4.05E+09,9.78E+12,その他,4,読み終わった,,,,2024/11/18 22:38,2024/10/1 0:00,人生を変える読書 人類三千年の叡智を力に変える,堀内勉,Gakken,2023,本,240
1,B089G942L1,,その他,4,読み終わった,,,,2024/11/18 22:37,2024/9/27 0:00,『仕事の失敗に落ち込みやすい』から自由へ,沢瀬直太朗,,,電子書籍,190
1,B0CZXNHQDR,,漫画,5,読み終わった,,,,2024/11/18 22:34,2024/9/12 0:00,ドクターストーン Dr.STONE　コミック　全27巻セット (集英社),Ｂｏｉｃｈｉ,株式会社,,マンガ,1
1,B0BCNTVTNR,,小説,4,読み終わった,,,,2024/11/18 22:33,2024/8/13 0:00,傲慢と善良 (朝日文庫),辻村　深月,朝日新聞出版,2022,電子書籍,449
1,B08Z3GQQWJ,,小説,4,読み終わった,,,,2024/11/18 22:32,2024/8/8 0:00,もしも徳川家康が総理大臣になったら,眞邊 明人,サンマーク出版,2021,電子書籍,420
1,B07L67XZSS,,仕事術,3,読み終わった,,,,2024/11/18 22:31,2024/7/7 0:00,メモの魔力　-The Magic of Memos- (NewsPicks Book),前田裕二,幻冬舎,2018,電子書籍,224
1,B0B1JPPCBL,,IT・統計,3,読み終わった,,,,2024/11/18 22:30,2024/6/20 0:00,文系社会人のためのIT資格の歩き方: 文系のあなたに最適な道をご提案します (YKcreate kiki),YKcreate kiki,YKCreate,,電子書籍,
1,B095N5NKQ7,,IT・統計,2,読み終わった,,,,2024/11/18 22:29,2024/6/11 0:00,駆逐される人材とDX人材: ～あなたも明日からDX人材になれる！～ DX時代の歩き方,佐藤洋,,,電子書籍,60
1,B0976S5QXB,,自然科学,2,読み終わった,,,,2024/11/18 22:28,2024/6/6 0:00,生物学的に、しょうがない！,石川 幹人,サンマーク出版,2021,電子書籍,212
1,B0B2M34633,,IT・統計,3,読み終わった,,,,2024/11/18 22:27,2024/6/9 0:00,IT人材育成最速の教科書: 全社員にITパスポートを。だけでは他企業に勝てません。 (YKcreate kiki),YKcreate kiki,,,電子書籍,
1,4.07E+09,9.78E+12,漫画,5,読み終わった,,,,2024/11/18 22:25,2024/4/27 0:00,沈黙の艦隊 全16巻セット 講談社漫画文庫,かわぐち かいじ,講談社,2002,本,
1,B0CSGC6CYK,,自己啓発,3,読み終わった,,,,2024/11/18 22:24,2024/3/19 0:00,会社を辞めて生き方を変えることにした: 惰性で生きてた僕が、一度きりの人生の生き方を変えるまでの話 経験談シリーズ,すずひら,,2024,電子書籍,173
1,B08N5NCDTL,,漫画,4,読み終わった,,,,2024/11/18 22:23,2024/3/9 0:00,メンタル強め美女白川さん (コミックエッセイ),獅子,KADOKAWA,2020,電子書籍,183
1,B01GNMK17K,,歴史・伝記,3,読み終わった,,,,2024/11/18 22:22,2024/3/9 0:00,マンガ 世界の偉人伝 未来を作った10人,西東社編集部,西東社,2016,電子書籍,354
1,B08CQ7NBXR,,仕事術,4,読み終わった,,,,2024/11/18 22:19,2024/1/18 0:00,脱マウス最速仕事術――年間１２０時間の時短を実現した５０のテクニック,森新,ダイヤモンド社,2020,電子書籍,241
1,B0CNGG5M5C,,IT・統計,5,読み終わった,,,,2024/11/18 22:19,2024/1/24 0:00,【令和６年度】 いちばんやさしい ITパスポート　絶対合格の教科書＋出る順問題集,高橋 京介,SBクリエイティブ,2023,電子書籍,
1,B00E4U62PO,,自己啓発,3,読み終わった,,,,2024/11/18 22:17,2024/1/27 0:00,あなたを天才にするスマートノート・電子版プラス,岡田斗司夫 FREEex,株式会社ロケット,2014,電子書籍,294
1,B093P7PWKL,,IT・統計,4,読み終わった,,,,2024/11/18 22:15,2023/12/20 0:00,ITおじさん 1巻,山田しいた,電書バト,2023,電子書籍,
1,B093PRLL7D,,IT・統計,4,読み終わった,,,,2024/11/18 22:15,2023/12/22 0:00,ITおじさん 2巻,山田しいた,電書バト,2023,電子書籍,
1,B08H1SKN8X,,小説,5,読み終わった,,,,2024/11/18 22:13,2023/12/12 0:00,そして、バトンは渡された (文春文庫),瀬尾 まいこ,文藝春秋,2020,電子書籍,375
1,B0C8SNYMMP,,自己啓発,3,読み終わった,,,,2024/11/18 22:11,2023/11/20 0:00,ドーパミン復活早起き法【対話版】: 「最高の目覚めと深い睡眠」「最高の気分と活力」を手に入れる最短ルート案内,Jeg,,,電子書籍,101
1,B078HQ8C84,,小説,4,読み終わった,,,,2024/11/18 22:09,2023/11/8 0:00,嗤う淑女 (実業之日本社文庫),中山 七里,実業之日本社,2017,電子書籍,336
1,B06X6H7RPS,,自然科学,3,読み終わった,,,,2024/11/18 22:07,2023/9/9 0:00,人類と気候の１０万年史　過去に何が起きたのか、これから何が起こるのか (ブルーバックス),中川毅,講談社,2017,電子書籍,223
1,B00BEPJ33U,,小説,3,読み終わった,,,,2024/11/18 22:05,2023/5/27 0:00,さいはての彼女 (角川文庫),原田 マハ,KADOKAWA,2013,電子書籍,184
1,B00QT9XB16,,哲学・宗教,,積読,,,,2024/11/18 21:08,,ツァラトゥストラは　こう言った 上 (岩波文庫),ニーチェ,岩波書店,1967,電子書籍,255
1,B07D4DG4M4,,哲学・宗教,2,読み終わった,,,,2024/11/18 21:07,2024/1/26 0:00,ツァラトゥストラはかく語りき,ニーチェ,講談社,2018,電子書籍,
1,B0CGTVP2TT,,経済・社会科学,4,読み終わった,,,,2024/11/18 21:06,2025/11/26 0:00,実力も運のうち　能力主義は正義か？ (ハヤカワ文庫NF),マイケル サンデル,早川書房,2023,電子書籍,390
1,B08LV2M3JS,,哲学・宗教,3,読み終わった,,,,2024/11/18 21:06,2024/1/22 0:00,「最強！」のニーチェ入門　幸福になる哲学 (河出文庫),飲茶,河出書房新社,2020,電子書籍,247
1,B00WWQPBB8,,小説,4,読み終わった,,,,2024/11/18 21:05,2024/1/12 0:00,アルジャーノンに花束を〔新版〕,ダニエル キイス,早川書房,2015,電子書籍,372
1,B089LGGPVQ,,小説,,読み終わった,,,,2024/11/18 21:04,2023/11/30 0:00,カエルの楽園2020（新潮文庫）,百田尚樹,新潮社,2020,電子書籍,178
1,B09P7WXQN9,,自己啓発,2,読み終わった,,,,2024/11/18 21:03,2023/11/18 0:00,「会社辞めたい」ループから抜け出そう！　転職後も武器になる思考法,佐野 創太,サンマーク出版,2022,電子書籍,232
1,B0873ZP491,,小説,4,読み終わった,,,,2024/11/18 21:03,2023/11/18 0:00,カエルの楽園（新潮文庫）,百田尚樹,新潮社,2017,電子書籍,228
1,B0BH4P9XHY,,自己啓発,2,読み終わった,,,,2024/11/18 21:02,2023/11/18 0:00,【電子限定特典付】自分だけの強みが遊ぶように見つかる 適職の地図,土谷愛,かんき出版,2022,電子書籍,266
1,B0BYS8125H,,経済・社会科学,4,読み終わった,,,,2024/11/18 21:01,2023/8/18 0:00,「能力」の生きづらさをほぐす,勅使川原真衣,どく社,,電子書籍,254
1,B08PKJZYPJ,,自己啓発,3,読み終わった,,働き方,,2024/11/18 21:00,2023/6/11 0:00,転職2.0　日本人のキャリアの新・ルール,村上 臣,SBクリエイティブ,2021,電子書籍,245
1,4.48E+09,9.78E+12,自己啓発,3,読み終わった,,働き方,,2024/11/18 20:59,2023/6/9 0:00,マンガ このまま今の会社にいていいのか?と一度でも思ったら読む 転職の思考法,北野唯我,ダイヤモンド社,2021,本,176
1,B0BYRGVMHZ,,自己啓発,4,読み終わった,,働き方,,2024/11/18 20:58,2023/5/18 0:00,世界一やさしい「才能」の見つけ方　一生ものの自信が手に入る自己理解メソッド,八木 仁平,KADOKAWA,2023,電子書籍,271
1,B09NJMCW3R,,小説,5,読み終わった,,,,2024/11/18 20:57,2023/5/18 0:00,流浪の月 (創元文芸文庫),凪良 ゆう,東京創元社,2022,電子書籍,336
1,4.30E+09,9.78E+12,経済・社会科学,,積読,,,,2023/4/16 11:08,,SDGsが生み出す未来のビジネス,水野雅弘,インプレス,2020,本,192
1,4.42E+09,9.78E+12,自己啓発,3,読み終わった,,,,2023/4/16 11:08,2023/5/18 0:00,道は開ける,香山晶,創元社,1999,本,432
1,4.11E+09,9.78E+12,ノンフィクション・エッセイ,3,読み終わった,,,,2023/4/16 10:56,2023/3/15 0:00,バカと無知 人間、この不都合な生きもの (新潮新書),橘玲,新潮社,2022,本,288
1,4.11E+09,9.78E+12,ノンフィクション・エッセイ,4,読み終わった,,,,2023/4/16 10:56,2025/5/8 0:00,バカの壁 (新潮新書),養老孟司,新潮社,2003,本,208
1,4.05E+09,9.78E+12,経済・社会科学,,積読,,,,2023/4/16 10:55,,イラスト図解 社会人として必要な経済と政治のことが5時間でざっと学べる,池上彰,KADOKAWA,2018,本,384
1,4.48E+09,9.78E+12,その他,5,読み終わった,,,,2023/4/16 10:55,2023/2/28 0:00,服が、めんどい 「いい服」「ダメな服」を1秒で決める,大山旬,ダイヤモンド社,2019,本,192
1,4.07E+09,9.78E+12,経済・社会科学,3,読み終わった,,,,2023/4/16 10:53,2023/8/18 0:00,物価とは何か (講談社選書メチエ),渡辺努,講談社,2022,本,336
1,4.34E+09,9.78E+12,IT・統計,3,読み終わった,,,,2023/4/16 10:53,2023/3/31 0:00,世界標準のテクノロジー教養 シリコンバレーの一流投資家が教える,山本康正,幻冬舎,2021,本,
1,4.00E+09,9.78E+12,哲学・宗教,4,読み終わった,,,,2023/4/16 10:52,2023/5/16 0:00,論語 (岩波文庫),金谷治,岩波書店,1999,本,430
1,B00IDPWQVA,,漫画,5,読み終わった,,,,2023/4/16 10:51,2023/1/18 0:00,どうぶつの国 コミック 全14巻完結セット (少年マガジンコミックス),雷句 誠,講談社,2014,マンガ,1
1,4.06E+09,9.78E+12,経済・社会科学,4,読み終わった,,,,2023/4/16 10:51,2023/2/17 0:00,ひとはなぜ戦争をするのか (講談社学術文庫),浅見昇吾,講談社,2016,本,120
1,4.59E+09,9.78E+12,小説,3,読み終わった,,,,2023/4/16 10:49,2023/2/8 0:00,死にたい夜にかぎって (扶桑社文庫),爪切男,扶桑社,2019,本,
1,4.30E+09,9.78E+12,自己啓発,4,読み終わった,,,,2023/4/15 16:37,2023/4/23 10:39,冒険の書 AI時代のアンラーニング,孫泰蔵,日経BP,2023,本,368
1,B00ZTHCE8K,,小説,4,読み終わった,,,,2023/3/23 20:23,2023/3/23 20:23,翼をください　上 (角川文庫),原田 マハ,KADOKAWA,2015,電子書籍,254
1,B00ZTHCGQA,,小説,4,読み終わった,,,,2023/3/23 20:23,2023/3/23 20:23,翼をください　下 (角川文庫),原田 マハ,KADOKAWA,2015,電子書籍,265
1,B00EU9P58Y,,自己啓発,3,読み終わった,,,,2023/3/23 20:23,2023/3/23 20:23,藤原和博の必ず食える１％の人になる方法,藤原 和博,東洋経済新報社,2013,電子書籍,196
1,B09KG9XFDT,,その他,3,読み終わった,,,,2023/3/23 20:23,2023/3/23 20:23,現代病「集中できない」を知力に変える　読む力　最新スキル大全―脳が超スピード化し、しかもクリエイティブに動き出す！,佐々木 俊尚,東洋経済新報社,2022,電子書籍,372
1,B00AZWTFFO,,その他,3,読み終わった,,,,2023/3/23 20:22,2023/3/23 20:22,年収２００万円からの貯金生活宣言 正しいお金の使い方編,横山光昭,ディスカヴァー・トゥエンティワン,2010,電子書籍,214
1,B07Y5D8WF4,,その他,5,読み終わった,,,,2023/3/23 20:21,2023/3/23 20:21,漫画 バビロン大富豪の教え　「お金」と「幸せ」を生み出す五つの黄金法則,ジョージ・Ｓ・クレイソン,文響社,2019,電子書籍,468
1,B082WRTFF6,,その他,3,読み終わった,,,,2023/3/23 20:21,2023/3/23 20:21,キャッシュレス貧乏にならないお金の整理術,横山光昭,クロスメディア・パブリッシング（インプレス）,2019,電子書籍,193
1,B07BS9TYLH,,その他,2,読み終わった,,,,2023/3/23 20:20,2023/3/23 20:20,まんがでわかる 年収200万円からの貯金生活宣言,横山光昭,ディスカヴァー・トゥエンティワン,2018,電子書籍,194
1,B09LQP8M4Q,,漫画,2,読み終わった,,,,2023/3/23 20:19,2023/3/23 20:19,共産党宣言 (まんがで読破),マルクス,Teamバンミカス,,電子書籍,
1,B09WXDWSB3,,漫画,3,読み終わった,,,,2023/3/23 20:17,2023/3/23 20:17,打撃マン1 (SMART COMICS),山本康人,スマートゲート,2022,電子書籍,
1,B09WXWH7GR,,漫画,3,読み終わった,,,,2023/3/23 20:17,2023/3/23 20:17,打撃マン2 (SMART COMICS),山本康人,スマートゲート,2022,電子書籍,
1,B09WY4R33D,,漫画,3,読み終わった,,,,2023/3/23 20:17,2023/3/23 20:17,打撃マン3 (SMART COMICS),山本康人,スマートゲート,2022,電子書籍,
1,B09XB8D9LD,,漫画,2,読み終わった,,,,2023/3/23 20:17,2023/3/23 20:17,打撃天使ルリ 1 (SMART COMICS),山本康人,スマートゲート,2022,電子書籍,
1,B09XBBCK14,,漫画,2,読み終わった,,,,2023/3/23 20:17,2023/3/23 20:17,打撃天使ルリ 2 (SMART COMICS),山本康人,スマートゲート,2022,電子書籍,
1,B09XB8HSD5,,漫画,2,読み終わった,,,,2023/3/23 20:17,2023/3/23 20:17,打撃天使ルリ 3 (SMART COMICS),山本康人,スマートゲート,2022,電子書籍,
1,B09XB8JWXG,,漫画,2,読み終わった,,,,2023/3/23 20:17,2023/3/23 20:17,打撃天使ルリ 4 (SMART COMICS),山本康人,スマートゲート,2022,電子書籍,
1,B096JBLB7Z,,漫画,2,読み終わった,,,,2023/3/23 20:17,2023/3/23 20:17,ヴェニスの商人 (まんがで読破),シェイクスピア,Teamバンミカス,,電子書籍,194
1,B0BGP2KCPT,,経済・社会科学,2,読み終わった,,,,2023/3/23 20:16,2023/3/23 20:16,まんがでわかる　ＬＩＦＥ　ＳＨＩＦＴ　２（ライフ・シフト２）―１００年時代の行動戦略 LIFE SHIFT,アンドリュー・スコット,東洋経済新報社,2022,電子書籍,
1,B09LHFMCS2,,ノンフィクション・エッセイ,3,読み終わった,,,,2023/3/23 20:15,2023/3/23 0:00,日本のみなさんにお伝えしたい48のWhy,厚切りジェイソン,ぴあ,2015,電子書籍,189
1,B0BC26RHZJ,,漫画,2,読み終わった,,,,2023/3/23 20:15,2023/3/23 20:15,痴人の愛 (まんがで読破),谷崎潤一郎,Teamバンミカス,,電子書籍,
1,B097ZS7S4Z,,漫画,2,読み終わった,,,,2023/3/23 20:14,2023/3/23 20:14,社会契約論 (まんがで読破),ルソー,Teamバンミカス,,電子書籍,
1,B09FZYLVM6,,漫画,3,読み終わった,,,,2023/3/23 20:14,2023/3/23 20:14,エミール (まんがで読破),ルソー,Teamバンミカス,,電子書籍,
1,B091SRKW5Q,,漫画,1,読み終わった,,,,2023/3/23 20:13,2023/3/23 20:13,"堕落論,白痴 (まんがで読破)",坂口 安吾,Teamバンミカス,,電子書籍,194
1,B09NDWS55V,,漫画,2,読み終わった,,,,2023/3/23 20:12,2023/3/23 20:12,クリスマス・キャロル (まんがで読破),ディケンズ,Teamバンミカス,,電子書籍,
1,B0BLHWMBLC,,漫画,3,読み終わった,,,,2023/3/23 20:10,2023/3/23 20:10,史記 【超合本版】 (ゴマブックス×ナンバーナイン),久松文雄,ナンバーナイン,2022,電子書籍,
1,B06ZZH4CKN,,学習・教育,3,読み終わった,,,,2023/3/23 18:16,2023/3/23 18:16,海外ドラマはたった350の単語でできている [英語マスターシリーズ],Cozy,西東社,2017,電子書籍,210
1,B09S5KJLW4,,ノンフィクション・エッセイ,4,読み終わった,,,,2022/5/24 13:17,2022/5/19 0:00,91歳。一歩一歩、また一歩。必ず頂上に辿り着く,道場 六三郎,KADOKAWA,2022,電子書籍,166
1,B099W5RJ3P,,経済・社会科学,3,読み終わった,,経済,,2022/5/18 18:31,2022/5/17 0:00,プロセスエコノミー　あなたの物語が価値になる (幻冬舎単行本),尾原和啓,幻冬舎,2021,電子書籍,157
1,4.49E+09,9.78E+12,経済・社会科学,,読み終わった,,資源,,2022/4/27 12:50,2022/3/31 0:00,新しい世界の資源地図 エネルギー・気候変動・国家の衝突,ダニエル・ヤーギン,東洋経済新報社,2022,本,600
1,4.48E+09,9.78E+12,歴史・伝記,4,読み終わった,,歴史,,2022/4/6 7:59,2022/4/12 0:06,世界史を俯瞰して、思い込みから自分を解放する 歴史思考,深井龍之介,ダイヤモンド社,2022,本,248
1,4.10E+09,9.78E+12,ノンフィクション・エッセイ,3,読み終わった,,,,2022/3/29 22:26,2022/4/1 17:37,日本人はどう住まうべきか? (新潮文庫),養老孟司,新潮社,2015,本,208
1,4.06E+09,9.78E+12,ノンフィクション・エッセイ,3,読み終わった,,,,2022/3/23 23:13,2022/3/21 0:00,グレープフルーツ・ジュース (講談社文庫),南風椎,講談社,1998,本,122
1,414407255X,9.78E+12,学習・教育,4,読み終わった,,読書,,2022/3/20 10:34,2022/3/20 10:34,NHK出版 学びのきほん 「読む」って、どんなこと? (教養・文化シリーズ),高橋源一郎,NHK出版,2020,雑誌,120
1,4.04E+09,9.78E+12,歴史・伝記,4,読み終わった,,"歴史,第一次世界大戦",,2022/3/15 20:34,2022/4/20 0:00,日本人のための第一次世界大戦史 (角川ソフィア文庫),板谷敏彦,KADOKAWA,2020,本,544
1,4.01E+09,9.78E+12,歴史・伝記,4,読み終わった,,"食べ物,世界史",,2022/3/12 20:53,2022/5/1 22:53,食べものから学ぶ世界史 人も自然も壊さない経済とは? (岩波ジュニア新書 937),平賀緑,岩波書店,2021,本,196
1,4.10E+09,9.78E+12,ノンフィクション・エッセイ,,読み終わった,,,,2022/3/12 20:52,2023/3/10 0:00,旅のつばくろ,沢木耕太郎,新潮社,2020,本,224
1,4.07E+09,9.78E+12,その他,3,読み終わった,,,,2022/3/6 10:04,2022/3/6 10:04,100万回死んだねこ 覚え違いタイトル集,福井県立図書館,講談社,2021,本,192
1,488747024X,9.78E+12,詩歌,4,読み終わった,,,,2022/2/26 23:37,2022/2/26 23:37,ポケット詩集 II,田中和雄,童話屋,2001,本,160
1,4.89E+09,9.78E+12,詩歌,5,読み終わった,,,,2022/2/26 23:37,2022/2/27 11:31,ポケット詩集 III,田中和雄,童話屋,2004,本,160
1,B07D6NL661,,漫画,4,読み終わった,,"歴史,史記",,2022/2/23 19:00,2022/2/23 19:00,史記 大合本1　1～5巻収録,久松文雄,ゴマブックス株式会社,,電子書籍,1334
1,B07D6P935Q,,漫画,4,読み終わった,,"歴史,史記",,2022/2/23 19:00,2022/2/23 19:00,史記 大合本2　6～10巻収録,久松文雄,ゴマブックス株式会社,,電子書籍,1307
1,4.12E+09,9.78E+12,歴史・伝記,,積読,,ガンディー,,2022/2/21 21:52,,ガンジー自伝 (中公文庫 Biblio),蝋山芳郎,中央公論新社,2004,本,520
1,4.10E+09,9.78E+12,歴史・伝記,,積読,,ヘレンケラー,,2022/2/21 21:52,,奇跡の人ヘレン・ケラー自伝 (新潮文庫),ヘレン・ケラー,新潮社,2004,本,208
1,4.06E+09,9.78E+12,自己啓発,3,読み終わった,,宮本武蔵,,2022/2/21 21:51,2022/2/23 0:00,五輪書 (講談社学術文庫),鎌田茂雄,講談社,1986,本,264
1,4.88E+09,9.78E+12,歴史・伝記,,積読,,偉人,,2022/2/21 21:50,,日本の偉人100人 (上),寺子屋モデル,致知出版社,2012,本,
1,4.88E+09,9.78E+12,歴史・伝記,,積読,,偉人,,2022/2/21 21:50,,日本の偉人100人 (下),寺子屋モデル,致知出版社,2012,本,
1,4.76E+09,9.78E+12,詩歌,4,読み終わった,,,,2022/2/19 20:46,2022/2/19 22:31,贈るうた 新装版,吉野弘,花神社,2006,本,
1,4.89E+09,9.78E+12,詩歌,5,読み終わった,,詩,,2022/2/13 20:37,2022/2/13 23:29,ポケット詩集,田中和雄,童話屋,1998,本,160
1,B09984ZL2D,,漫画,3,読み終わった,,,,2022/2/11 17:46,2022/2/11 17:46,千夜一夜物語 (まんがで読破),バラエティ・アートワークス,Teamバンミカス,,電子書籍,
1,4.00E+09,9.78E+12,歴史・伝記,4,読み終わった,"インド独立の父として、言葉だけじゃなくて行動を持って民衆を導く姿が素晴らしいと感じた。

ただ、この本の良いところは、そんなガンディーの偉大な一面だけでなく、ガンディーの偉大な功績の影にある負の部分（特にガンディーの家族）にも触れてあるところにあると思う。

どんな事にも良い面、悪い面があり、そのどちらもきちんと記されてあるこの本はガンディーを知る取っ掛かりとして素晴らしい本ではないか。

この後は、ガンディー自身の著書も読んでみたい。","歴史,ガンディー",,2022/2/5 19:20,2022/2/12 14:19,ガンディー 平和を紡ぐ人 (岩波新書 1699),竹中千春,岩波書店,2018,本,240
1,4.00E+09,9.78E+12,歴史・伝記,,積読,,,,2022/2/5 19:20,,マーティン・ルーサー・キング 非暴力の闘士 (岩波新書 1711),黒?真,岩波書店,2018,本,240
1,B085DMMMSB,,漫画,4,読み終わった,,,,2022/2/5 9:31,2022/2/5 9:31,書店員 波山個間子 1巻,黒谷知也,電書バト,2017,電子書籍,184
1,B01N0ENHQL,,歴史・伝記,3,読み終わった,,,,2022/2/5 9:15,2022/2/5 9:15,マハトマ・ガンジー,海老根一樹,電書バト,2016,電子書籍,187
1,456984846X,9.78E+12,芸術・スポーツ,4,読み終わった,,ラグビー,,2022/1/31 13:19,2022/1/31 0:00,ベテランの心得 まずは自分が動かなアカンよね,堀江翔太,PHP研究所,2022,本,224
1,B009LHBVQ0,,漫画,,積読,,,,2022/1/14 22:58,,キングダム 1 (ヤングジャンプコミックスDIGITAL),原泰久,集英社,2006,電子書籍,218
1,4.91E+09,9.78E+12,芸術・スポーツ,4,読み終わった,"読んだきっかけは、日経新聞で紹介されてたのと、TVのトーク番組で見て面白い人だなぁと思ったことがきっかけ。

内容は主に、木村さんの人生を振り返っていく自伝。

読んでいくと、全盲という障害があるからと言って特別なことがある訳でもなく、普通の人と同じように生活し、同じような事を考えてるんだなぁと思った。
（実際にはそうじゃないかもしれない。でもそう思わせるくらい、本当に普通の日常をおくられてた）

私自身もスポーツをやっており、競技に対する考え方や悩み等について共感する点もあり、凄く身近に感じられた。


読んだ後に熱くなる、やる気が出るというより、何だかホッとする気持ちにさせてくれる本でした。",,,2022/1/10 23:34,2022/1/17 21:19,闇を泳ぐ 全盲スイマー、自分を超えて世界に挑む。,木村敬一,ミライカナイ,2021,本,
1,4.00E+09,9.78E+12,歴史・伝記,4,読み終わった,,"日本人,人文学",,2022/1/7 8:09,2022/1/7 23:18,代表的日本人 (岩波文庫 青119-3),内村鑑三,岩波書店,1995,本,256
1,4.17E+09,9.78E+12,ノンフィクション・エッセイ,4,読み終わった,,読書,,2021/12/21 12:11,2021/12/23 9:53,子供時代の読書の思い出 橋をかける (文春文庫),美智子,文藝春秋,2009,本,144
1,4.56E+09,9.78E+12,歴史・伝記,,積読,,"ハドリアヌス,古代ローマ",,2021/12/21 12:10,,ハドリアヌス帝の回想,マルグリットユルスナール,白水社,2008,本,379
1,B07D6QHW4N,,漫画,3,読み終わった,,,,2021/12/19 7:47,2021/12/19 7:47,秦始皇帝　大合本　全4巻収録,久松文雄,ゴマブックス株式会社,,電子書籍,
1,B07T3YR146,,自己啓発,4,読み終わった,"積読本が溜まってたところ、併読でなくて一冊ずつしっかり読むようにしたいと思い、本書を読んだ。

・本は著者との真剣勝負。一行、一字、読み飛ばさない

という出口さんの本に対するスタンスに感銘を受けた。
しばらくは一冊ずつしっかり読んで行こうと思う。",読書,,2021/12/13 23:07,2021/12/13 23:07,本の「使い方」　１万冊を血肉にした方法,出口 治明,KADOKAWA,2019,電子書籍,213
1,B091YKBVG7,,漫画,3,読み終わった,,,,2021/12/11 11:07,2021/12/10 0:00,赤と黒 (まんがで読破),スタンダール,Teamバンミカス,,電子書籍,
1,4.78E+09,9.78E+12,その他,,積読,,反出世主義,,2021/12/10 16:18,,ただしい人類滅亡計画 反出生主義をめぐる物語,品田遊,イースト・プレス,2021,本,232
1,B096NCX6RQ,,漫画,4,読み終わった,,,,2021/12/10 16:16,2021/12/7 0:00,若きウェルテルの悩み (まんがで読破),ゲーテ,Teamバンミカス,,電子書籍,
1,B01N0AEF3U,,自己啓発,4,読み終わった,,"教養,名言",,2021/12/4 14:40,2021/12/4 14:40,人生の教養が身につく名言集―――「図太く」「賢く」「面白く」 (三笠書房　電子書籍),出口 治明,三笠書房,2016,電子書籍,276
1,B0966RXV1N,,漫画,3,読み終わった,,論語,,2021/12/3 10:34,2021/12/2 0:00,論語 (まんがで読破),バラエティ・アートワークス,Teamバンミカス,,電子書籍,
1,B0966T3JGM,,漫画,3,読み終わった,,論語,,2021/12/3 10:34,2021/12/3 10:34,続・論語 (まんがで読破),バラエティ・アートワークス,Teamバンミカス,,電子書籍,194
1,B0922H3QCQ,,漫画,3,読み終わった,,,,2021/11/30 22:23,2021/11/30 22:23,神曲 (まんがで読破),ダンテ,Teamバンミカス,,電子書籍,194
1,486276309X,9.78E+12,自然科学,5,読み終わった,"内容は主に
・人とエネルギーとのこれまでの関わり
・エネルギーとは何か
・これから先、人はエネルギーとどう向き合っていけばよいのか
について書かれた本

わかりやすく面白いので、ワクワクしながら読むことができた。

エネルギーや資源は有限である以上、産業革命以降に発展を遂げた今の文明社会、生活はいつか立ち行かなくなることを改めて再認識。
分かっていても、今の自分の生活をすぐに変えれる訳でもないけど、その事を心に留めながら生活していきたい。

足るを知る。何ごともほどほどに。",,,2021/11/28 20:04,2021/12/20 9:29,エネルギーをめぐる旅 文明の歴史と私たちの未来,古舘恒介,英治出版,2021,本,416
1,B0854LNJ6N,,漫画,5,読み終わった,"努力、友情、勝利

少年漫画に共通する三大原則をこれでもかと詰め込んだ作品。

綺麗ごとかもしれない、そんなの現実じゃ難しいと言うかもしれない。
でも、そうと思ってても、主人公のガッシュと清麻呂が、頑張って、仲間と力を合わせて、ただ真っ直ぐに勝利を目指す姿は間違いなく心に突き刺さる。

大人になって現実の厳しさを嫌というほど味わっている大人たちにこそ、読んでほしい作品です。",,,2021/11/27 12:17,2021/11/21 0:00,金色のガッシュ!! 完全版 全16巻 新品セット,雷句 誠,クラーケンコミックス,,本,
1,B092476VCB,,漫画,3,読み終わった,,,,2021/11/27 8:18,2021/11/27 8:18,わが闘争 (まんがで読破),ヒトラー,Teamバンミカス,,電子書籍,194
1,429900633X,9.78E+12,小説,,積読,,,,2021/11/27 8:17,,護られなかった者たちへ (宝島社文庫),中山七里,宝島社,2021,本,480
1,4.06E+09,9.78E+12,経済・社会科学,4,読み終わった,,,,2021/11/27 8:16,2021/12/27 0:00,スモール イズ ビューティフル (講談社学術文庫),小島慶三,講談社,1986,本,408
1,4.57E+09,9.78E+12,自己啓発,4,読み終わった,,,,2021/11/7 19:15,2021/11/7 19:15,大人はもっと遊びなさい 仕事と人生を変えるオフタイムの過ごし方 (PHPビジネス新書),成毛眞,PHP研究所,2016,本,184
1,B00UEG2VXY,,漫画,5,読み終わった,,,,2021/11/3 10:36,2021/11/3 10:36,[まとめ買い] アドルフに告ぐ,手塚治虫,,,電子書籍,
1,B08H1HSJ3R,,その他,4,読み終わった,,農業,,2021/10/22 7:54,2021/10/19 0:00,ビジネスパーソンの新・兼業農家論,井本喜久,クロスメディア・パブリッシング（インプレス）,2020,電子書籍,204
1,B00DVN2VEQ,,経済・社会科学,4,読み終わった,,"社会,経済",,2021/10/14 20:48,2021/10/13 0:00,評価経済社会・電子版プラス,岡田斗司夫 FREEex,株式会社ロケット,2013,電子書籍,247
1,4.04E+09,9.78E+12,自己啓発,5,読み終わった,,"能,世阿弥",,2021/9/28 17:02,2021/10/3 22:39,風姿花伝・三道 現代語訳付き (角川ソフィア文庫),世阿弥,KADOKAWA,2009,本,448
1,4.80E+09,9.78E+12,その他,4,読み終わった,,読書,"読書のモチベーションが上がる本
・スラスラに読める
・ベストセラーも、読みたいと思ったら素直に読もう。
・これからは古典も少しずつ読んでいこう！",2021/9/26 22:29,2021/9/26 22:29,読書する人だけがたどり着ける場所 (SB新書),齋藤孝,SBクリエイティブ,2019,本,192
1,B073QHXPB4,,小説,3,読み終わった,,,"こういう世界観の本は初めて読む
現代社会に対する皮肉、問題提起って感じ
",2021/9/25 22:13,2021/9/26 9:55,名称未設定ファイル,品田遊,コルク,2017,電子書籍,221
1,4.79E+09,9.78E+12,自然科学,,積読,,"タイムマシン,サイエンス",,2021/9/25 22:11,,タイムマシンのつくりかた (草思社文庫),林一,草思社,2011,本,192
1,4.49E+09,9.78E+12,自己啓発,,積読,,NIKE,,2021/9/25 22:11,,SHOE DOG(シュードッグ) 靴にすべてを。,フィル・ナイト,東洋経済新報社,2017,本,560
1,4.31E+09,9.78E+12,自然科学,5,読み終わった,,科学,,2021/9/20 21:31,2021/9/20 21:31,サイエンス大図鑑 コンパクト版,アダム・ハート・デイヴィス,河出書房新社,2014,本,512
1,4.17E+09,9.78E+12,小説,5,読み終わった,,,,2021/9/18 23:38,2021/10/17 11:44,その日のまえに (文春文庫),重松清,文藝春秋,2008,本,368
1,4.17E+09,9.78E+12,ノンフィクション・エッセイ,4,読み終わった,,スポーツ,,2021/9/18 23:38,2021/10/3 22:39,敗れざる者たち (文春文庫),沢木耕太郎,文藝春秋,2021,本,352
1,4.10E+09,9.78E+12,小説,,積読,,,,2021/9/18 23:37,,ルビンの壺が割れた (新潮文庫),宿野かほる,新潮社,2020,本,176
1,4.76E+09,9.78E+12,経済・社会科学,,積読,,政治,,2021/9/18 23:36,,政治のことよくわからないまま社会人になった人へ ひとめでわかる図解入り,池上彰,海竜社,2014,本,258
1,4.07E+09,9.78E+12,小説,4,読み終わった,,,,2021/9/11 23:30,2021/9/20 8:00,半沢直樹 アルルカンと道化師,池井戸潤,講談社,2020,本,354
1,4.80E+09,9.78E+12,芸術・スポーツ,4,読み終わった,,"サッカー,オシム",,2021/9/11 23:29,2022/3/2 22:42,オシムの言葉 フィールドの向こうに人生が見える,木村元彦,集英社インターナショナル,2005,本,240
1,4.59E+09,9.78E+12,自然科学,4,読み終わった,,脳科学,,2021/9/11 23:29,2021/9/18 23:36,脳には妙なクセがある (扶桑社新書),池谷裕二,扶桑社,2013,本,368
1,4.53E+09,9.78E+12,経営戦略,,積読,,流通,,2021/9/11 23:28,,流通の基本 (日経文庫ビジュアル),小林隆一,日本経済新聞出版社,2016,本,176
1,4.41E+09,9.78E+12,仕事術,3,読み終わった,,整理,,2021/9/5 22:49,2021/9/5 22:49,図解まるわかり 整理術の基本 (図解まるわかりシリーズ),新星出版社編集部,新星出版社,2011,本,192
1,4.86E+09,9.78E+12,仕事術,3,読み終わった,,整理,,2021/9/5 22:49,2021/9/5 22:49,図解 ミスが少ない人は必ずやっている[書類・手帳・ノート]の整理術,,サンクチュアリ出版,2009,本,208
1,B07V58J8WL,,哲学・宗教,3,読み終わった,,"仏教,生き方",,2021/9/3 21:19,2021/9/1 0:00,ブッダが教える愉快な生き方 NHK出版　学びのきほん,藤田一照,NHK出版,2019,電子書籍,82
1,B01GNKL2UC,,仕事術,4,読み終わった,,片付け,,2021/8/26 12:44,2021/8/31 0:00,トヨタの片づけ (中経の文庫),（株）OJTソリューションズ,KADOKAWA,2016,電子書籍,208
1,B07K6FMJB5,,小説,3,読み終わった,,,,2021/8/23 19:09,2021/8/24 0:00,世にも奇妙な君物語 (講談社文庫),朝井リョウ,講談社,2018,電子書籍,248
1,4.80E+09,9.78E+12,自己啓発,3,読み終わった,,習慣,,2021/8/20 21:09,2021/8/20 0:00,習慣が10割,吉井雅之,すばる舎,2018,本,208
1,4.80E+09,9.78E+12,経済・社会科学,4,読み終わった,,遺伝,,2021/8/14 10:55,2021/8/14 15:01,日本人の9割が知らない遺伝の真実 (SB新書),安藤寿康,SBクリエイティブ,2016,本,224
1,415209284X,9.78E+12,経済・社会科学,,積読,,"道徳,市場主義",,2021/8/14 10:55,,それをお金で買いますか 市場主義の限界,マイケル・サンデル,早川書房,2012,本,336
1,4.14E+09,9.78E+12,ノンフィクション・エッセイ,,積読,,教養,,2021/8/4 12:24,,おとなの教養 2―私たちはいま、どこにいるのか? (2) (NHK出版新書 581),池上彰,NHK出版,2019,本,240
1,4.10E+09,9.78E+12,ノンフィクション・エッセイ,,読み終わった,,エンタメ,,2021/8/4 12:23,2021/5/31 0:00,全裸監督 ―村西とおる伝― (新潮文庫),本橋信宏,新潮社,2021,本,880
1,4.10E+09,9.78E+12,小説,4,読み終わった,,寓話,,2021/8/1 16:03,2021/8/1 16:03,かもめのジョナサン (新潮文庫),リチャード・バック,新潮社,1977,本,142
1,4.10E+09,9.78E+12,ノンフィクション・エッセイ,,積読,,柔道,,2021/7/17 8:36,,木村政彦はなぜ力道山を殺さなかったのか 下 (新潮文庫),増田俊也,新潮社,2014,本,624
1,4.10E+09,9.78E+12,ノンフィクション・エッセイ,,積読,,柔道,,2021/7/17 8:35,,木村政彦はなぜ力道山を殺さなかったのか(上) (新潮文庫),増田俊也,新潮社,2014,本,576
1,4.10E+09,9.78E+12,歴史・伝記,4,読み終わった,,江戸,,2021/7/11 22:56,2021/7/11 22:56,一日江戸人 (新潮文庫),杉浦日向子,新潮社,2005,本,272
1,4.84E+09,9.78E+12,自己啓発,3,読み終わった,,読書,,2021/7/11 10:04,2021/7/11 10:04,本は10冊同時に読め! 本を読まない人はサルである!生き方に差がつく「超並列」読書術 (知的生きかた文庫),成毛眞,三笠書房,2008,本,171
1,456204800X,9.78E+12,自然科学,3,読み終わった,,"動物,世界史",,2021/7/4 11:57,2024/7/8 0:00,図説 世界史を変えた50の動物 (図説シリーズ),エリックシャリーン,原書房,2012,本,272
1,4.33E+09,9.78E+12,芸術・スポーツ,3,読み終わった,,"スポーツ,ビジネス",,2021/7/4 11:56,2021/7/4 21:17,日本のスポーツビジネスが世界に通用しない本当の理由 (光文社新書),葦原一正,光文社,2021,本,232
1,4.82E+09,9.78E+12,自己啓発,5,読み終わった,,"テニス,スポーツ,メンタル",,2021/7/4 11:55,2021/7/17 8:34,新インナーゲーム 心で勝つ!集中の科学,W・ティモシーガルウェイ,日刊スポーツ出版社,2000,本,
1,4.82E+09,9.78E+12,芸術・スポーツ,4,読み終わった,,"スポーツ,バスケット,bリーグ",,2021/6/27 13:15,2021/6/27 19:50,B.LEAGUE(Bリーグ)誕生 日本スポーツビジネス秘史,大島和人,日経BP,2021,本,272
1,4.89E+09,9.78E+12,経営戦略,,積読,,"カーボンニュートラル,エネルギー",,2021/6/19 21:17,,カーボンニュートラル実行戦略:電化と水素、アンモニア,戸田直樹,エネルギーフォーラム,2021,本,
1,B009IXHVC0,,小説,4,読み終わった,,,,2021/6/16 21:33,2021/6/14 0:00,ごん狐,新美 南吉,,2012,電子書籍,12
1,4.80E+09,9.78E+12,自己啓発,3,読み終わった,,日経新聞,,2021/6/13 12:13,2021/6/16 21:33,とりあえず日経新聞が読める本 社会人1年目からの (YARUJAN Books 03),山本博幸,ディスカヴァー・トゥエンティワン,2016,本,204
1,4.15E+09,9.78E+12,ノンフィクション・エッセイ,3,読み終わった,,,,2021/6/5 8:06,2021/6/12 23:51,よその子 見放された子どもたちの物語 (ハヤカワ文庫),トリイ・ヘイデン,早川書房,2004,本,576
1,4.80E+09,9.78E+12,仕事術,3,読み終わった,,法律,,2021/6/1 21:51,2021/5/31 0:00,ビジネスの法律を学べ!! (マジビジ 13),白川敬裕,ディスカヴァー・トゥエンティワン,2011,本,120
1,4.53E+09,9.78E+12,仕事術,4,読み終わった,,"法律,ビジネス法務",,2021/5/29 21:10,2021/5/29 21:10,ビジネス常識としての法律<第3版> (日経文庫 D2),堀龍兒,日経BPM,2021,本,320
1,4.33E+09,9.78E+12,会計・ファイナンス,4,読み終わった,,"法律,法人税",,2021/5/29 21:10,2021/6/3 7:27,分かりやすい「法人税法」の教科書 全ビジネスパーソンのための,木山泰嗣,光文社,2019,本,408
1,4.49E+09,9.78E+12,その他,4,読み終わった,,"読み方,新聞,雑誌,本",,2021/5/23 21:02,2021/5/22 0:00,僕らが毎日やっている最強の読み方 新聞・雑誌・ネット・書籍から「知識と教養」を身につける70の極意,池上彰,東洋経済新報社,2016,本,330
1,4.06E+09,9.78E+12,ノンフィクション・エッセイ,,積読,,"中国,共産党",,2021/5/21 20:06,,ワイルド・スワン (上),ユンチアン,講談社,1993,本,
1,4.06E+09,9.78E+12,ノンフィクション・エッセイ,,積読,,"中国,共産党",,2021/5/21 20:06,,ワイルド・スワン (下),ユンチアン,講談社,1993,本,
1,4.09E+09,9.78E+12,小説,4,読み終わった,,,,2021/5/7 23:26,2021/5/16 9:36,陸王,池井戸潤,集英社,2016,本,592
1,4.47E+09,9.78E+12,哲学・宗教,4,読み終わった,,"禅,宗教",,2021/5/5 8:35,2021/5/5 8:35,英訳付 What Is Zen?禅ってなんだろう,藤原東演,淡交社,2010,本,160
1,4.53E+09,9.78E+12,自然科学,4,読み終わった,,電気自動車,,2021/4/26 8:16,2021/4/25 0:00,きちんと知りたい!電気自動車メカニズムの基礎知識,飯塚昭三,日刊工業新聞社,2019,本,176
1,4.80E+09,9.78E+12,その他,3,読み終わった,,"生き方,働き方",,2021/4/16 22:14,2021/4/14 0:00,「発達障害かも?」という人のための「生きづらさ」解消ライフハック,姫野桂,ディスカヴァー・トゥエンティワン,2020,本,
1,4.10E+09,9.78E+12,小説,4,読み終わった,,,,2021/4/11 20:50,2021/4/11 20:50,わたし、定時で帰ります。 (新潮文庫),朱野帰子,新潮社,2019,本,368
1,4.05E+09,9.78E+12,小説,4,読み終わった,,,,2021/4/4 0:09,2021/4/4 0:09,ちょっと今から仕事やめてくる (メディアワークス文庫),北川恵海,KADOKAWA,2015,本,258
1,4.58E+09,9.78E+12,ノンフィクション・エッセイ,4,読み終わった,,,,2021/3/23 21:11,2021/3/23 21:11,カカ・ムラド ナカムラのおじさん,ガフワラ,双葉社,2020,本,80
1,4.88E+09,9.78E+12,経済・社会科学,,積読,,住宅,,2021/3/21 22:01,,ゼロ炭素社会の住まいづくり 未来の子どもたちを守る家,小山貴史,創樹社,2016,本,
1,428420470X,9.78E+12,自己啓発,4,読み終わった,,"人生観,生き方",,2021/3/21 22:00,2021/3/22 21:38,13歳から分かる! 7つの習慣 自分を変えるレッスン,「7つの習慣」編集部,日本図書センター,2020,本,136
1,4.09E+09,9.78E+12,芸術・スポーツ,2,読み終わった,,スポーツ,,2021/3/13 22:49,2021/3/20 23:01,ドラえもん科学ワールド スポーツの科学 (ビッグ・コロタン),藤子・F・不二雄,小学館,2020,本,228
1,486410798X,9.78E+12,歴史・伝記,4,読み終わった,,"歴史,三国志",,2021/3/7 22:36,2021/3/12 21:54,マンガ 三国志I 劉備と諸葛孔明,吉川英治,飛鳥新社,2020,本,544
1,4.86E+09,9.78E+12,歴史・伝記,4,読み終わった,,歴史,,2021/3/7 22:36,2021/3/21 9:20,マンガ 三国志II 赤壁の戦いと三国の攻防,吉川英治,飛鳥新社,2020,本,544
1,4.30E+09,9.78E+12,自己啓発,3,読み終わった,,体調管理,,2021/2/15 18:18,2021/2/13 0:00,まんがでわかる 最高の体調,鈴木祐,クロスメディア・パブリッシング,2020,本,208
1,4.91E+09,9.78E+12,経済・社会科学,4,読み終わった,,"電気,電力システム",,2021/2/15 8:04,2021/5/26 7:34,グリッドで理解する電力システム,岡本浩,日本電気協会新聞部,2021,本,
1,4.07E+09,9.78E+12,経済・社会科学,4,読み終わった,,"同調圧力,世間,社会",,2021/2/2 7:38,2021/2/8 8:02,同調圧力 日本社会はなぜ息苦しいのか (講談社現代新書),鴻上尚史,講談社,2020,本,184
1,4.12E+09,9.78E+12,経済・社会科学,2,読み終わった,,社会,,2021/2/1 8:10,2021/2/9 12:51,自由の限界 世界の知性21人が問う国家と民主主義 (中公新書ラクレ 715),鶴原徹也,中央公論新社,2021,本,312
1,4.91E+09,9.78E+12,ノンフィクション・エッセイ,4,読み終わった,,料理,,2021/1/31 21:49,2021/3/13 9:06,料理と利他 (MSLive ! Books),土井善晴,ミシマ社,2020,本,168
1,4.80E+09,9.78E+12,仕事術,4,読み終わった,,働き方,,2021/1/25 11:01,2021/1/26 22:31,要領がよくないと思い込んでいる人のための仕事術図鑑,F太,サンクチュアリ出版,2020,本,216
1,4.17E+09,9.78E+12,ノンフィクション・エッセイ,,積読,,ベトナム戦争,,2021/1/22 22:47,,ベトナムの少女 世界で最も有名な戦争写真が導いた運命 (文春文庫 チ-5-2),デニス・チョン,文藝春秋,2001,本,464
1,B08SHQR1PX,,経済・社会科学,5,読み終わった,,"経済,社会",,2021/1/22 22:46,2021/1/25 7:46,一気にわかる！池上彰の世界情勢２０２１新型コロナに翻弄された世界編,池上 彰,毎日新聞出版,2021,電子書籍,208
1,B016U4O7PI,,ノンフィクション・エッセイ,,積読,,チョコレート,,2021/1/22 22:46,,チョコレートの真実,キャロル・オフ,英治出版,2007,電子書籍,341
1,B014IIOY9C,,IT・統計,4,読み終わった,,"ラグビー,コーチング",,2021/1/22 22:45,2021/1/24 8:35,ラグビー日本代表ヘッドコーチ エディー・ジョーンズとの対話　コーチングとは「信じること」 (文春e-book),生島 淳,文藝春秋,2015,電子書籍,200
1,B071XTFVYQ,,自己啓発,3,読み終わった,,睡眠,,2021/1/22 22:39,2021/1/22 22:39,「寝たりない」がなくなる本―――「効率のいい睡眠」を手に入れる方法 (王様文庫),菅原 洋平,三笠書房,2017,電子書籍,191
1,4.58E+09,9.78E+12,歴史・伝記,5,読み終わった,,歴史,,2021/1/15 16:42,2021/1/31 13:17,昭和史 1926‐1945 (平凡社ライブラリー 671),半藤一利,平凡社,2009,本,548
1,410127181X,9.78E+12,歴史・伝記,,積読,,歴史,,2021/1/15 16:41,,幕末史 (新潮文庫),半藤一利,新潮社,2012,本,528
1,4.58E+09,9.78E+12,歴史・伝記,4,読み終わった,,歴史,,2021/1/15 16:41,2021/2/12 0:00,昭和史 戦後篇 1945-1989 (平凡社ライブラリー 672),半藤一利,平凡社,2009,本,614
1,419210010X,9.78E+12,漫画,5,読み終わった,,,,2021/1/3 20:57,2021/1/8 10:13,風の谷のナウシカ 全7巻セット トルメキア戦役バージョン (アニメージュCワイド判),宮崎駿,徳間書店,2003,マンガ,
1,4.09E+09,9.78E+12,ノンフィクション・エッセイ,4,読み終わった,,"密猟,象牙,アフリカゾウ",,2021/1/3 20:56,2021/1/9 11:43,牙 アフリカゾウの「密猟組織」を追って,三浦英之,小学館,2019,本,248
1,4.62E+09,9.78E+12,その他,3,読み終わった,,本屋,,2021/1/3 19:06,2021/1/3 23:01,本屋って何?,稲葉茂勝,ミネルヴァ書房,2015,本,128
1,4.33E+09,9.78E+12,小説,3,読み終わった,,,,2021/1/3 16:33,2021/1/16 9:57,地底旅行 (光文社古典新訳文庫),ジュール・ヴェルヌ,光文社,2013,本,552
1,B00JPXEAJA,,漫画,4,読み終わった,,,,2021/1/1 16:09,2021/1/1 16:09,奇子　1,手塚治虫,手塚プロダクション,,電子書籍,224
1,4.49E+09,9.78E+12,ノンフィクション・エッセイ,4,読み終わった,,,,2020/12/31 12:41,2021/1/21 9:11,THE LAST GIRL イスラム国に囚われ、闘い続ける女性の物語,ナディア・ムラド,東洋館出版社,2018,本,416
1,4.15E+09,9.78E+12,経営戦略,4,読み終わった,,,,2020/12/31 12:40,2021/1/15 13:05,マネー・ボール〔完全版〕 (ハヤカワ文庫NF),マイケル・ルイス,早川書房,2013,本,464
1,4.11E+09,9.78E+12,経済・社会科学,5,読み終わった,,"心理学,脳科学,スマホ",,2020/12/31 11:36,2020/12/30 0:00,スマホ脳 (新潮新書),アンデシュ・ハンセン,新潮社,2020,本,256
1,4.82E+09,9.78E+12,その他,4,読み終わった,,"心理学,認知行動療法",,2020/12/25 8:24,2021/1/20 8:28,今日から使える認知行動療法 「思考のクセ」に気づけば、心はスッと軽くなる,福井至,ナツメ社,2018,本,264
1,4.58E+09,9.78E+12,ノンフィクション・エッセイ,4,読み終わった,,,,2020/12/25 8:23,2020/12/25 8:23,世界でもっとも貧しい大統領 ホセ・ムヒカの言葉,佐藤美由紀,双葉社,2015,本,112
1,4.00E+09,9.78E+12,ノンフィクション・エッセイ,4,読み終わった,,読書,,2020/12/22 21:39,2020/12/19 0:00,面白い本 (岩波新書 新赤版1409),成毛眞,岩波書店,2013,本,192
1,4.79E+09,9.78E+12,歴史・伝記,3,読み終わった,,ギリシャ神話,,2020/12/22 21:38,2020/12/24 0:00,マンガ面白いほどよくわかる!ギリシャ神話,かみゆ歴史編集部,西東社,2019,本,256
1,4.05E+09,9.78E+12,自己啓発,3,読み終わった,,自己理解,,2020/12/22 21:37,2023/6/1 0:00,世界一やさしい「やりたいこと」の見つけ方 人生のモヤモヤから解放される自己理解メソッド,八木仁平,KADOKAWA,2020,本,224
1,4.41E+09,9.78E+12,小説,5,読み終わった,"一気読みでした。

大企業に立ち向かう主人公。
何度も心が折れそうになりながらも、家族や会社の仲間たち、色んな人の助けを借りながら、諦めずに立ち向かっていく姿に心が熱くなります。",,,2020/12/14 21:30,2020/12/17 23:10,空飛ぶタイヤ (実業之日本社文庫),池井戸潤,実業之日本社,2016,本,848
1,4.99E+09,9.78E+12,歴史・伝記,4,読み終わった,,歴史,,2020/12/14 13:54,2020/12/14 13:54,マンガ ゆげ塾の構造がわかる世界史 増補改訂版,ゆげ塾,ゆげ塾出版,2018,本,
1,4.99E+09,9.78E+12,歴史・伝記,4,読み終わった,,歴史,,2020/12/13 16:14,2020/12/13 16:14,マンガ ゆげ塾の中国とアラブがわかる世界史 増補改訂版,ゆげ塾,ゆげ塾出版,2019,本,
1,4.14E+09,9.78E+12,学習・教育,3,読み終わった,,"生き方,宗教",,2020/12/10 22:23,2020/12/10 22:23,NHK出版 学びのきほん ブッダが教える愉快な生き方 (教養・文化シリーズ),藤田一照,NHK出版,2019,雑誌,112
1,B08979F331,,経済・社会科学,3,読み終わった,,"経済,社会",,2020/12/8 18:27,2020/12/27 11:03,知らないと恥をかく世界の大問題１１　グローバリズムのその先 (角川新書),池上 彰,KADOKAWA,2020,電子書籍,206
1,B00F5P404C,,経済・社会科学,4,読み終わった,,"経済,社会,田舎",,2020/12/8 18:26,2020/12/11 0:01,里山資本主義　日本経済は「安心の原理」で動く (角川oneテーマ21),藻谷 浩介,KADOKAWA,2013,電子書籍,267
1,4.48E+09,9.78E+12,その他,4,読み終わった,,ファッション,,2020/12/8 18:25,2020/12/8 18:25,ユニクロ9割で超速おしゃれ,大山旬,大和書房,2017,本,208
1,4.17E+09,9.78E+12,小説,5,読み終わった,,,,2020/12/7 21:35,2020/12/9 10:36,ロスジェネの逆襲 (文春文庫),池井戸潤,文藝春秋,2015,本,432
1,4.07E+09,9.78E+12,小説,5,読み終わった,,,,2020/12/5 10:05,2020/12/5 10:05,半沢直樹 1 オレたちバブル入行組 (講談社文庫),池井戸潤,講談社,2019,本,400
1,4.07E+09,9.78E+12,小説,5,読み終わった,,,,2020/12/5 10:05,2020/12/7 16:40,半沢直樹 2 オレたち花のバブル組 (講談社文庫),池井戸潤,講談社,2019,本,416
1,4.49E+09,9.78E+12,歴史・伝記,3,読み終わった,,歴史,,2020/11/28 23:08,2021/6/4 23:34,超約ヨーロッパの歴史,ジョン・ハースト,東京書籍,2019,本,320
1,4.48E+09,9.78E+12,自然科学,,積読,,生物,,2020/11/28 23:07,,絶滅できない動物たち 自然と科学の間で繰り広げられる大いなるジレンマ,大下英津子,ダイヤモンド社,2018,本,
1,4.78E+09,9.78E+12,自然科学,4,読み終わった,,生物,,2020/11/28 23:06,2020/12/1 0:00,外来生物のきもち,大島健夫,メイツ出版,2020,本,160
1,B07N7ZHDQQ,,ノンフィクション・エッセイ,3,読み終わった,,旅,,2020/11/28 9:37,2020/11/27 0:00,東南アジア旅行記 上巻: クソみたいな人生から逃げ出す旅 (世界遺産ハンター出版),世界遺産ハンター,,,電子書籍,100
1,B07PFV7MXG,,ノンフィクション・エッセイ,3,読み終わった,,旅,,2020/11/28 9:37,2020/11/28 9:37,東南アジア旅行記　下巻: 人生なんて一瞬で変えられる (世界遺産ハンター出版),世界遺産ハンター,,,電子書籍,121
1,4.15E+09,9.78E+12,自然科学,4,読み終わった,,生物,,2020/11/27 11:18,2020/12/23 10:22,進化とは何か ドーキンス博士の特別講義 (ハヤカワ文庫NF),リチャード・ドーキンス,早川書房,2016,本,272
1,416391286X,9.78E+12,歴史・伝記,4,読み終わった,,経済,,2020/11/27 11:18,2020/12/14 9:11,Au オードリー・タン 天才IT相7つの顔,アイリス・チュウ,文藝春秋,2020,本,272
1,4.14E+09,9.78E+12,歴史・伝記,4,読み終わった,,自然,,2020/11/27 11:17,2020/12/12 16:39,天、共に在り アフガニスタン三十年の闘い,中村哲,NHK出版,2013,本,260
1,4.48E+09,9.78E+12,その他,4,読み終わった,,読書術,,2020/11/24 11:46,2020/11/24 0:00,本棚にもルールがある ズバ抜けて頭がいい人はなぜ本棚にこだわるのか,成毛眞,ダイヤモンド社,2014,本,216
1,4.09E+09,9.78E+12,小説,4,読み終わった,,,,2020/11/18 21:05,2020/12/31 12:40,白夜行 (集英社文庫(日本)),東野圭吾,集英社,2002,本,864
1,4.04E+09,9.78E+12,小説,4,読み終わった,,,,2020/11/18 21:05,2020/12/20 22:32,ナミヤ雑貨店の奇蹟 (角川文庫),東野圭吾,KADOKAWA,2014,本,416
1,4.04E+09,9.78E+12,小説,4,読み終わった,,,,2020/11/18 21:04,2020/11/24 0:00,ダ・ヴィンチ・コード(下) (角川文庫),ダン・ブラウン,KADOKAWA,2006,本,292
1,4.04E+09,9.78E+12,小説,,積読,,,,2020/11/18 21:04,,天使と悪魔 (上) (角川文庫),ダン・ブラウン,角川書店,2006,本,340
1,404295507X,9.78E+12,小説,,積読,,,,2020/11/18 21:04,,天使と悪魔 (中) (角川文庫),ダン・ブラウン,角川書店,2006,本,324
1,4.04E+09,9.78E+12,小説,,積読,,,,2020/11/18 21:04,,天使と悪魔 (下) (角川文庫),ダン・ブラウン,角川書店,2006,本,340
1,4.04E+09,9.78E+12,小説,4,読み終わった,,,,2020/11/18 21:03,2020/11/19 10:22,ダ・ヴィンチ・コード(上) (角川文庫),ダン・ブラウン,KADOKAWA,2006,本,308
1,4.04E+09,9.78E+12,小説,4,読み終わった,,,,2020/11/18 21:03,2020/11/20 13:27,ダ・ヴィンチ・コード(中) (角川文庫),ダン・ブラウン,KADOKAWA,2006,本,288
1,B00JPXEB5S,,漫画,4,読み終わった,,,,2020/11/15 22:39,2020/11/14 0:00,火の鳥　6,手塚治虫,手塚プロダクション,,電子書籍,174
1,B00JPXEB1M,,漫画,4,読み終わった,,,,2020/11/15 22:39,2020/11/20 0:00,火の鳥　7,手塚治虫,手塚プロダクション,,電子書籍,182
1,B00JPXEB2Q,,漫画,4,読み終わった,,,,2020/11/15 22:39,2020/11/17 9:34,火の鳥　9,手塚治虫,手塚プロダクション,,電子書籍,196
1,B00JPXEAV8,,漫画,4,読み終わった,,,,2020/11/15 22:38,2020/11/10 0:00,火の鳥　1,手塚治虫,手塚プロダクション,,電子書籍,185
1,479932358X,9.78E+12,自己啓発,3,読み終わった,,"思考,心理学,宗教,疲労回復,メンタル",,2020/11/15 22:36,2020/11/12 0:00,「精神科医の禅僧」が教える心と身体の正しい休め方,川野泰周,ディスカヴァー・トゥエンティワン,2018,本,
1,484709753X,9.78E+12,ノンフィクション・エッセイ,4,読み終わった,,"人生観,生き方",,2020/11/15 16:06,2020/11/15 20:32,私は私のままで生きることにした,キム・スヒョン,ワニブックス,2019,本,287
1,B00DLT0BXI,,漫画,3,読み終わった,,,,2020/10/18 21:51,2020/11/15 16:07,戦争論　─まんがで読破─,クラウゼヴィッツ,イースト・プレス,2011,電子書籍,193
1,B00GTAV3Q0,,自己啓発,4,読み終わった,,"人生観,思考,生き方",,2020/10/18 21:51,2020/10/19 20:59,「これでいい」と心から思える生き方,野口 嘉則,サンマーク出版,2013,電子書籍,251
1,B00DLT07XC,,漫画,,積読,,,,2020/10/17 14:32,,ガリア戦記　─まんがで読破─,カエサル,イースト・プレス,2010,電子書籍,193
1,B00DLSZSDM,,漫画,4,読み終わった,,経済,,2020/10/17 14:32,2020/10/16 0:00,続・資本論　─まんがで読破─,マルクス,イースト・プレス,2009,電子書籍,194
1,4.87E+09,9.78E+12,漫画,4,読み終わった,,,,2020/10/15 17:06,2020/10/14 0:00,カラマーゾフの兄弟 (まんがで読破),バラエティ・アートワークス,イースト・プレス,2008,本,375
1,478168629X,9.78E+12,漫画,2,読み終わった,,経済,,2020/10/15 17:06,2020/10/13 0:00,資本論 新版(文庫版) (まんがで読破),バラエティ・アートワークス,イースト・プレス,2020,本,192
1,B00DLT01PG,,漫画,3,読み終わった,,,,2020/10/13 22:57,2020/10/12 0:00,失われた時を求めて　─まんがで読破─,プルースト,イースト・プレス,2009,電子書籍,386
1,4.87E+09,9.78E+12,漫画,4,読み終わった,,,,2020/10/12 6:54,2020/10/12 6:54,学問のすすめ(文庫版) (まんがで読破),福沢諭吉,イースト・プレス,2008,本,186
1,4.78E+09,9.78E+12,漫画,3,読み終わった,,宗教,,2020/10/12 6:53,2020/10/11 0:00,旧約聖書 (まんがで読破),バラエティ・アートワークス,イースト・プレス,2010,本,381
1,4.87E+09,9.78E+12,漫画,3,読み終わった,,,,2020/10/10 23:23,2020/10/10 23:23,蟹工船 (まんがで読破),バラエティ・アートワークス,イースト・プレス,2007,本,183
1,434498305X,9.78E+12,その他,5,読み終わった,,メンタル,,2020/10/1 7:34,2020/9/29 0:00,ストレスと適応障害 つらい時期を乗り越える技術 (幻冬舎新書),岡田尊司,幻冬舎,2013,本,259
1,4.83E+09,9.78E+12,自己啓発,4,読み終わった,,"人生観,思考,生き方",,2020/10/1 7:34,2020/10/3 0:00,諦める力 勝てないのは努力が足りないからじゃない,為末大,プレジデント社,2013,本,
1,4.34E+09,9.78E+12,その他,3,読み終わった,,"人生観,生き方",,2020/9/27 13:55,2020/9/22 0:00,やめてみた。,わたなべぽん,幻冬舎,2016,本,120
1,4.09E+09,9.78E+12,歴史・伝記,,積読,,,,2020/9/13 11:23,,そうだったのか! 日本現代史 (集英社文庫(日本) そうだったのか! シリーズ),池上彰,集英社,2008,本,432
1,4.78E+09,9.78E+12,漫画,4,読み終わった,,経済,,2020/9/12 22:59,2020/9/12 23:32,雇用・利子および貨幣の一般理論(文庫版) (まんがで読破),Teamバンミカス,イースト・プレス,2015,本,382
1,490736413X,9.78E+12,経済・社会科学,3,読み終わった,,メディア,,2020/9/9 23:07,2020/9/10 0:00,フェイクニュースがあふれる世界に生きる君たちへ 増補新版世界を信じるためのメソッド,森達也,ミツイパブリッシング,2019,本,192
1,B00KFB5DJC,,自己啓発,,積読,,"人生観,自己啓発,生き方,習慣,思考",,2020/9/9 18:56,,完訳 7つの習慣 人格主義の回復: Powerful Lessons in Personal Change,スティーブン・R・コヴィー,キングベアー出版,2013,電子書籍,572
1,4.82E+09,9.78E+12,芸術・スポーツ,3,読み終わった,,"筋トレ,疲労回復",,2020/9/6 22:38,2020/9/6 22:38,筋肉の機能・性質パーフェクト事典 スポーツ科学の基礎知識 オールカラー,石井直方,ナツメ社,2020,本,224
1,481636417X,9.78E+12,芸術・スポーツ,4,積読,,食事,,2020/9/6 22:38,,筋肉をつくる食事・栄養パーフェクト事典 体づくり、筋肥大から体脂肪低減まで,岡田隆,ナツメ社,2018,本,208
1,4.63E+09,9.78E+12,歴史・伝記,4,読み終わった,,歴史,,2020/9/1 23:38,2020/9/8 0:00,山川 詳説日本史図録 第8版 日B309準拠,詳説日本史図録編集委員会,山川出版社,2020,本,376
1,4.63E+09,9.78E+12,歴史・伝記,4,読み終わった,,歴史,,2020/9/1 23:38,2020/9/8 0:00,詳説 世界史図録 第3版,木村靖二,山川出版社,2020,本,360
1,4.48E+09,9.78E+12,自己啓発,3,読み終わった,,"自己啓発,習慣",,2020/9/1 7:42,2020/8/30 0:00,やり抜く力-GRIT(グリット) 人生のあらゆる成功を決める「究極の能力」を身につける,アンジェラ・ダックワース,ダイヤモンド社,2016,本,
1,4.09E+09,9.78E+12,小説,,積読,,,,2020/8/25 23:25,,一夢庵風流記 (集英社文庫(日本)),隆慶一郎,集英社,1992,本,544
1,4.10E+09,9.78E+12,小説,5,読み終わった,,,,2020/8/20 19:11,2020/8/22 17:22,村上海賊の娘(四) (新潮文庫),和田竜,新潮社,2016,本,372
1,4.10E+09,9.78E+12,小説,5,読み終わった,,,,2020/8/20 0:08,2020/8/20 19:11,村上海賊の娘(三) (新潮文庫),和田竜,新潮社,2016,本,372
1,4.10E+09,9.78E+12,小説,4,読み終わった,,,,2020/8/14 7:48,2020/8/18 0:00,村上海賊の娘(二) (新潮文庫),和田竜,新潮社,2016,本,340
1,4.10E+09,9.78E+12,小説,3,読み終わった,,,,2020/8/6 22:48,2020/8/13 0:00,村上海賊の娘(一) (新潮文庫),和田竜,新潮社,2016,本,356
1,4.87E+09,9.78E+12,その他,4,読み終わった,,お金,,2020/7/31 6:45,2020/7/30 0:00,漫画 バビロン大富豪の教え 「お金」と「幸せ」を生み出す黄金法則,坂野旭,文響社,2019,本,456
1,4.30E+09,9.78E+12,その他,3,読み終わった,,お金,,2020/7/31 6:44,2020/7/30 0:00,おカネの教室 僕らがおかしなクラブで学んだ秘密 (しごとのわ),高井浩章,インプレス,2018,本,272
1,4.17E+09,9.78E+12,小説,3,読み終わった,,歴史,,2020/7/26 11:18,2020/8/2 0:00,最後の将軍 新装版 徳川慶喜 (文春文庫),司馬遼太郎,文藝春秋,1997,本,288
1,4.82E+09,9.78E+12,芸術・スポーツ,3,読み終わった,,筋トレ,,2020/7/25 23:55,2020/7/25 0:00,アスリートのための筋力トレーニングバイブル 使える筋肉・使えない筋肉,石井直方,ナツメ社,2018,本,256
1,4.11E+09,9.78E+12,歴史・伝記,,積読,,歴史,,2020/7/24 18:35,,素顔の西郷隆盛 (新潮新書),磯田道史,新潮社,2018,本,272
1,4.48E+09,9.78E+12,ノンフィクション・エッセイ,4,読み終わった,,"社会,メディア",,2020/7/22 7:20,2021/10/1 0:00,たったひとつの「真実」なんてない,森達也,筑摩書房,2014,本,
1,4.04E+09,9.78E+12,小説,4,読み終わった,,,,2020/7/20 8:04,2020/7/21 0:00,小説 君の名は。 (角川文庫),新海誠,KADOKAWA,2016,本,272
1,4.10E+09,9.78E+12,小説,4,読み終わった,,,,2020/7/12 14:12,2020/7/25 0:00,老人と海 (新潮文庫 ヘ-2-4),福田恆存,新潮社,1970,本,134
1,4.10E+09,9.78E+12,小説,,積読,,,,2020/7/12 14:12,,落日燃ゆ (新潮文庫 し-7-18 新潮文庫),城山三郎,新潮社,1986,本,464
1,4.87E+09,9.78E+12,経営戦略,,積読,,,,2020/7/11 10:43,,PIXAR <ピクサー> 世界一のアニメーション企業の今まで語られなかったお金の話,ローレンス・レビー,文響社,2019,本,320
1,4.53E+09,9.78E+12,会計・ファイナンス,5,読み終わった,,会計,,2020/7/11 10:40,2020/9/6 20:51,会計の世界史 イタリア、イギリス、アメリカ――500年の物語,田中靖浩,日本経済新聞出版社,2018,本,424
1,4.86E+09,9.78E+12,自己啓発,4,読み終わった,,"心理学,思考",,2020/7/11 10:24,2020/7/10 0:00,サーチ・インサイド・ユアセルフ 仕事と人生を飛躍させるグーグルのマインドフルネス実践法,チャディー・メン・タン,英治出版,2016,本,373
1,B07DCLSV6H,,自己啓発,4,読み終わった,"転職を考えてる人だけでなく、そうでない人も自分のキャリアを考える上で非常に参考になると思う。

以下、備忘メモ

■マーケットバリューは3つの要素で決まる。
・技術資産
・人的資産
・業界の生産性

■99%の人は、心からやりたい事なんてない。



私自身、転職を考えている訳ではない。
ただ、自分の市場価値を高めていくために、技術資産と人的資産を高めることに注力して働いていきたい。

また、心からやりたい事が無い私にとっては、働く環境も大切なんだと気付かされた。
今の環境は、ワークライフバランスも良く、加えて適切な緊張感を持って仕事が出来ているので、この環境を大切にしていきたいと思った。",転職,,2020/6/20 8:41,2020/6/20 0:00,このまま今の会社にいていいのか？と一度でも思ったら読む 転職の思考法,北野 唯我,ダイヤモンド社,2018,電子書籍,233
1,4.10E+09,9.78E+12,小説,4,読み終わった,,歴史,,2020/6/4 22:40,2020/6/4 0:00,人斬り以蔵 (新潮文庫),司馬遼太郎,新潮社,1969,本,496
1,447802099X,9.78E+12,自己啓発,4,読み終わった,,思考,,2020/6/4 22:18,2020/6/4 0:00,ゼロ秒思考 頭がよくなる世界一シンプルなトレーニング,赤羽雄二,ダイヤモンド社,2013,本,216
1,4.17E+09,9.78E+12,小説,4,読み終わった,,歴史,,2020/6/4 21:04,2020/6/14 0:00,竜馬がゆく 四 (文春文庫),司馬遼太郎,文藝春秋,1998,本,432
1,4.17E+09,9.78E+12,小説,4,読み終わった,,歴史,,2020/6/4 21:04,2020/6/26 0:00,竜馬がゆく 五 (文春文庫),司馬遼太郎,文藝春秋,1998,本,432
1,4.17E+09,9.78E+12,小説,4,読み終わった,,,,2020/6/4 21:04,2020/7/5 0:00,竜馬がゆく 六 (文春文庫),司馬遼太郎,文藝春秋,1998,本,448
1,416710573X,9.78E+12,小説,4,読み終わった,,歴史,,2020/6/4 21:04,2020/7/14 0:00,竜馬がゆく 七 (文春文庫),司馬遼太郎,文藝春秋,1998,本,432
1,4.17E+09,9.78E+12,小説,4,読み終わった,,歴史,,2020/6/4 21:04,2020/7/19 0:00,竜馬がゆく 八 (文春文庫),司馬遼太郎,文藝春秋,1998,本,448
1,4.17E+09,9.78E+12,小説,4,読み終わった,,歴史,,2020/5/30 12:37,2020/6/6 0:00,竜馬がゆく 三 (文春文庫),司馬遼太郎,文藝春秋,1998,本,432
1,4.17E+09,9.78E+12,小説,4,読み終わった,,歴史,,2020/5/25 13:28,2020/5/30 0:00,竜馬がゆく 二 (文春文庫),司馬遼太郎,文藝春秋,1998,本,448
1,4.17E+09,9.78E+12,小説,4,読み終わった,,歴史,,2020/5/25 13:27,2020/5/24 0:00,竜馬がゆく 一 (文春文庫),司馬遼太郎,文藝春秋,1998,本,448
1,B00C1BG86G,,その他,4,読み終わった,,メンタル,,2020/5/23 15:26,2020/5/17 0:00,自衛隊メンタル教官が教える　心の疲れをとる技術 (朝日新書),下園 壮太??,朝日新聞出版,,電子書籍,248
1,B07LFSHW9V,,経済・社会科学,4,読み終わった,,社会,,2020/5/23 15:12,2020/5/12 0:00,日本人の勝算―人口減少×高齢化×資本主義,デービッド・アトキンソン,東洋経済新報社,2019,電子書籍,319
1,B00JR72FZU,,芸術・スポーツ,3,読み終わった,,筋トレ,,2020/5/23 15:03,2020/5/10 0:00,体脂肪を落とす・締まったカラダをつくる 効く筋トレ・効かない筋トレ (PHPビジュアル実用BOOKS),荒川 裕志,PHP研究所,2011,電子書籍,720
1,B085GHMS44,,仕事術,3,読み終わった,,働き方,,2020/5/23 14:50,2020/5/17 0:00,40歳でGAFAの部長に転職した僕が20代で学んだ仕事に対する考え方: 外資系企業でも十分通用！会話調で分かりやすいロジカルシンキング、会議力、伝達力、思考力、ファシリテーションの教科書/リスキリング,寺澤伸洋,,,電子書籍,174
1,B01MF5ZCUX,,芸術・スポーツ,4,読み終わった,,"食事,筋トレ",,2020/5/23 14:35,2020/5/15 0:00,炭水化物のすべて: 山本義徳　業績集１,山本義徳,,2016,電子書籍,70
1,4.87E+09,9.78E+12,自己啓発,4,読み終わった,,筋トレ,,2020/5/23 14:18,2020/5/9 0:00,超 筋トレが最強のソリューションである 筋肉が人生を変える超科学的な理由,Testosterone,文響社,2018,本,240
1,B08243V9R8,,仕事術,3,読み終わった,,働き方,,2020/5/18 18:21,2020/5/18 0:00,「ゆるいタスク管理術」とは？～タスク管理が苦手な僕らの幸せのために～,ヨシダ,,,電子書籍,31
1,4.48E+09,9.78E+12,芸術・スポーツ,4,読み終わった,,筋トレ,,2020/5/10 10:46,2020/5/10 0:00,プリズナー・トレーニング 圧倒的な強さを手に入れる究極の自重筋トレ,ポール・ウェイド,CCCメディアハウス,2017,本,328
1,B01G6ZV2O0,,仕事術,4,読み終わった,,文章力,,2020/5/6 2:00,2020/5/8 0:00,人を操る禁断の文章術　無料お試し版,メンタリストDaiGo,かんき出版,2016,電子書籍,55
1,4.80E+09,9.78E+12,仕事術,3,読み終わった,"生産性を上げるための方法が分かりやすく書かれている。

当たり前といえば当たり前の内容。
でも、当たり前をやることが一番難しい。

個人的には、毎日ToDoリストを作っても全て終わらないことが多いので、時間の見積りや優先順位の付け方等を参考に改善していきたい。

",働き方,,2020/5/3 21:44,2020/5/3 0:00,会社では教えてもらえない 残業ゼロの人の段取りのキホン,伊庭正康,すばる舎,2017,本,224
1,B00DKYKA6W,,ノンフィクション・エッセイ,5,読み終わった,,,,2020/4/28 19:59,2020/4/28 0:00,珍夜特急1―インド・パキスタン―,クロサワ コウタロウ,クロサワ レタリング,2014,電子書籍,195
1,B00DTU91V2,,ノンフィクション・エッセイ,5,読み終わった,,,,2020/4/28 19:59,2020/4/30 0:00,珍夜特急2―パキスタン・イラン・トルコ―,クロサワ コウタロウ,クロサワ レタリング,2013,電子書籍,193
1,B00E69BMSU,,ノンフィクション・エッセイ,4,読み終わった,,,,2020/4/28 19:59,2020/5/1 0:00,珍夜特急3―トルコ・バルカン半島―,クロサワ コウタロウ,クロサワ レタリング,2013,電子書籍,191
1,B00EFYI63K,,ノンフィクション・エッセイ,4,読み終わった,,,,2020/4/28 19:59,2020/5/2 0:00,珍夜特急4―東欧・バルト３国・北欧―,クロサワ コウタロウ,クロサワ レタリング,2013,電子書籍,200
1,B00ELGD77M,,ノンフィクション・エッセイ,5,読み終わった,,,,2020/4/28 19:59,2020/5/3 0:00,珍夜特急5―西欧・モロッコ―,クロサワ コウタロウ,クロサワ レタリング,2013,電子書籍,
1,B00EQ5UJH4,,ノンフィクション・エッセイ,5,読み終わった,"GWで一気に読破。

外に出れない今だからこそ、この本で旅の疑似体験ができて良かった。

家にいながらも、とても楽しい時間を過ごすことができた。


あー旅行したい（笑）",,,2020/4/28 19:59,2020/5/3 0:00,珍夜特急6―南欧・西欧―,クロサワ コウタロウ,クロサワ レタリング,2013,電子書籍,243
1,4.04E+09,9.78E+12,小説,5,読み終わった,"不器用な父親の子育ての物語

とても感動します！",,,2020/4/25 14:35,2020/4/25 0:00,とんび (角川文庫),重松清,角川書店,2011,本,432
1,B07DDJ4V7B,,歴史・伝記,3,読み終わった,,歴史,,2020/4/23 13:58,2020/4/23 0:00,マンガで一気に読める！ 日本史,かみゆ歴史編集部,西東社,2018,電子書籍,
1,044046126X,8.60E+12,学習・教育,4,読み終わった,,英語,,2020/4/21 19:33,2020/4/20 0:00,NATE THE GREAT(B),MARC MARJORIE WEINMAN/SIMONTSHARMAT,DELL YEARLING BOOKS (USA),1977,本,100
1,4.05E+09,9.78E+12,その他,5,読み終わった,,料理,,2020/4/16 23:41,2020/2/5 0:00,ふたりのごはん 夫はホテルオークラ元総料理長、妻は料理家,根岸規雄,KADOKAWA,2018,本,160
1,4.77E+09,9.78E+12,ノンフィクション・エッセイ,4,読み終わった,"これは、ただの料理本ではありません。

一汁一菜という食事の型を通して、和食文化の素晴らしさや、食事というものが私達が生きるうえでいかに大切なものかを示してくれます。

この本は、料理本というより、土井先生の料理や人生における哲学について書かれた本です。

日々忙しく過ごしており食事が適当になってしまいがちな人にこそ、是非読んでもらいたいと思います。","料理,食事,生き方",,2020/4/16 22:49,2020/4/18 0:00,一汁一菜でよいという提案,土井善晴,グラフィック社,2016,本,192
1,B01HG0Z0N8,,絵本,3,読み終わった,"人間いつ死ぬか分からない。
私は現在妻と二人暮し。

日頃から感謝を伝えていこう。",,,2020/4/11 17:48,2020/4/4 0:00,明日死ぬかもしれないから今お伝えします (絵本屋.com),サトウヒロシ,ごきげんビジネス出版,2016,電子書籍,27
1,4.10E+09,9.78E+12,哲学・宗教,,積読,,宗教,,2020/4/11 17:23,,新約聖書を知っていますか (新潮文庫),阿刀田高,新潮社,1996,本,352
1,4.10E+09,9.78E+12,哲学・宗教,4,読み終わった,"旧約聖書について全く知らない人でも、すんなり読める内容だった。

そして、多くの人を魅了し、動かすには、論理でなく魅了的な物語が必要なのだと気付かされた。


次は、同著者が書かれた「新約聖書を知っていますか」も読んでみたい。",宗教,,2020/4/11 17:21,2020/4/15 0:00,旧約聖書を知っていますか (新潮文庫 あ-7-19 新潮文庫),阿刀田高,新潮社,1994,本,384
1,4.15E+09,9.78E+12,小説,4,読み終わった,"最初の数十ページはこの物語の世界感がイメージできず、やや退屈な印象だった。
でも、ページをめくる度にその世界に引き込まれていった。

人間とは何か、何を持って人間と呼べるのか、そんなことを考えさせられた一冊でした。",,,2020/4/9 23:00,2020/4/11 0:00,アンドロイドは電気羊の夢を見るか? (ハヤカワ文庫SF),浅倉久志,早川書房,1977,本,
1,4.42E+09,9.78E+12,仕事術,3,読み終わった,,話し方,,2020/4/4 17:45,2020/4/11 0:00,カーネギー話し方入門 文庫版,市野安雄,創元社,2016,本,328
1,4.80E+09,9.78E+12,仕事術,4,読み終わった,,自己啓発,,2020/4/4 11:13,2020/4/4 0:00,学びを結果に変えるアウトプット大全,樺沢紫苑,サンクチュアリ・パブリッシング,2018,本,270
1,4.01E+09,9.78E+12,学習・教育,3,読み終わった,,英語,,2020/3/29 17:48,2020/2/22 0:00,高校入試 でる順ターゲット 中学英単語1800,旺文社,旺文社,2019,本,440
1,4.76E+09,9.78E+12,学習・教育,4,読み終わった,,英語,,2020/3/29 17:47,2020/3/14 0:00,ネイティブなら子どものときに身につける 英会話なるほどフレーズ100 誰もここまで教えてくれなかった使える裏技,スティーブ・ソレイシィ,アルク,2000,本,239
1,4.89E+09,9.78E+12,芸術・スポーツ,4,読み終わった,,英語,,2020/3/29 17:46,2020/4/22 0:00,プラダを着た悪魔 再改訂版 名作映画完全セリフ音声集 (スクリーンプレイ・シリーズ),亀山太一,フォーイン,2018,本,200
1,4.34E+09,9.78E+12,学習・教育,4,読み終わった,,英語,,2020/3/29 16:48,2020/3/29 0:00,ビッグ・ファット・キャットの世界一簡単な英語の本,向山淳子,幻冬舎,2001,本,171
1,4.17E+09,9.78E+12,小説,5,読み終わった,,,,2020/3/21 22:16,2020/3/28 0:00,秘密 (文春文庫),東野圭吾,文藝春秋,2001,本,464
1,4.62E+09,9.78E+12,哲学・宗教,5,読み終わった,,"差別,心理学",,2020/3/21 22:16,2020/3/22 0:00,夜と霧[新版],池田香代子,みすず書房,2002,本,184
1,4.53E+09,9.78E+12,経営戦略,3,読み終わった,,5G,,2020/3/21 16:13,2020/3/21 0:00,5Gビジネス (日経文庫 B131),亀井卓也,日本経済新聞出版社,2019,本,256
1,4.86E+09,9.78E+12,自己啓発,3,読み終わった,,組織・人,,2020/3/10 22:12,2020/3/10 0:00,奇跡の職場 新幹線清掃チームの“働く誇り”,矢部輝夫,あさ出版,2013,本,
1,4.59E+09,9.78E+12,歴史・伝記,4,読み終わった,,,,2020/2/29 8:39,2020/2/29 0:00,ヘウレーカ (ジェッツコミックス),岩明均,白泉社,2002,マンガ,256
1,B007TT5LH2,,経済・社会科学,4,読み終わった,,心理学,,2020/2/23 16:29,2020/2/23 0:00,話を聞かない男、地図が読めない女,アラン・ピーズ,主婦の友社,2011,電子書籍,21
1,B00DLSZPR6,,漫画,3,読み終わった,,,,2020/2/22 12:20,2020/2/22 0:00,ドグラ・マグラ　─まんがで読破─,夢野久作,イースト・プレス,2008,電子書籍,194
1,4.27E+09,9.78E+12,漫画,5,読み終わった,,,,2020/2/16 17:54,2019/2/12 0:00,ブッダ 全12巻セット (潮ビジュアル文庫),手塚治虫,潮出版社,2002,マンガ,
1,4.10E+09,9.78E+12,小説,3,読み終わった,,,,2020/2/16 13:09,2020/3/21 0:00,十五少年漂流記 (新潮文庫 ウ-2-1 新潮文庫),ジュール・ヴェルヌ,新潮社,1951,本,288
1,477620892X,9.78E+12,自己啓発,4,読み終わった,,組織・人,,2020/2/16 13:08,2020/2/24 0:00,フツーの会社員だった僕が、青山学院大学を箱根駅伝優勝に導いた47の言葉,原晋,アスコム,2015,本,215
1,4.04E+09,9.78E+12,小説,5,読み終わった,,,,2020/2/16 13:08,2020/3/7 0:00,デセプション・ポイント(上) (角川文庫),ダン・ブラウン,角川書店,2006,本,432
1,4.04E+09,9.78E+12,小説,5,読み終わった,,,,2020/2/16 13:08,2020/3/8 0:00,デセプション・ポイント(下) (角川文庫),ダン・ブラウン,角川書店,2006,本,416
1,4.10E+09,9.78E+12,小説,4,読み終わった,,,,2020/2/16 13:08,2020/3/14 0:00,博士の愛した数式 (新潮文庫),小川洋子,新潮社,2005,本,304
1,B009B0SUO8,,小説,3,読み終わった,,,,2020/2/16 10:25,2020/2/16 0:00,母を尋ねて三千里,エドモンド・デ アミーチス,,2012,電子書籍,27
1,4.27E+09,9.78E+12,自然科学,4,読み終わった,,宇宙,,2020/2/15 21:53,2020/2/28 0:00,宇宙への秘密の鍵 (ホーキング博士のスペース・アドベンチャー 1),スティーヴンホーキング,岩崎書店,2008,本,336
1,4.17E+09,9.78E+12,小説,5,読み終わった,,,,2020/2/15 21:53,2020/2/19 0:00,容疑者Xの献身 (文春文庫),東野圭吾,文藝春秋,2008,本,400
1,4.91E+09,9.78E+12,自己啓発,5,読み終わった,,お金,,2020/2/15 16:00,2019/4/23 0:00,難しいことはわかりませんが、お金の増やし方を教えてください!,山崎元,文響社,2015,本,248
1,B0732RRCWX,,自己啓発,4,読み終わった,,習慣,,2020/2/15 15:59,2020/2/14 0:00,やり抜く人の9つの習慣 コロンビア大学モチベーション心理学,ハイディ・グラント・ハルバーソン,ディスカヴァー・トゥエンティワン,2017,電子書籍,94
1,B01NCBI48I,,自然科学,4,読み終わった,,生物,,2020/2/15 15:58,2020/2/7 0:00,LIFE<ライフ>　人間が知らない生き方,麻生羽呂,文響社,2016,電子書籍,220
1,B00B481LRS,,漫画,4,読み終わった,,,,2020/2/15 15:58,2020/2/14 0:00,永遠の0 コミック 全5巻完結セット (アクションコミックス),百田 尚樹,双葉社,2012,マンガ,1
1,4.48E+09,9.78E+12,仕事術,,積読,,,,2020/2/15 15:57,,マネジメント〔エッセンシャル版〕 基本と原則,上田惇生,ダイヤモンド社,2001,本,328
1,B07V6WHKKD,,自然科学,3,読み終わった,,生物,,2020/2/15 15:57,2020/2/13 0:00,わいるどらいふっ！1身近な生きもの観察図鑑,一日一種,山と溪谷社,2019,電子書籍,
1,434402642X,9.78E+12,自己啓発,3,読み終わった,,,,2020/2/15 15:55,2020/3/15 0:00,お金持ちになれる黄金の羽根の拾い方 2015 知的人生設計のすすめ,橘玲,幻冬舎,2014,本,264
1,4.82E+09,9.78E+12,経営戦略,,積読,,,,2020/2/15 15:55,,ビジョナリー カンパニー 2 飛躍の法則,山岡洋一,日経BP社,2001,本,418
1,4.58E+09,9.78E+12,自然科学,3,読み終わった,,,,2020/2/15 15:55,2020/2/15 0:00,世界一美しい自然現象図鑑,渡部潤一,双葉社,2014,本,126
1,4.80E+09,9.78E+12,経営戦略,,積読,,,,2020/2/15 15:55,,イノベーションのジレンマ 増補改訂版,クレイトン・クリステンセン,翔泳社,2001,本,
1,4.53E+09,9.78E+12,その他,,読み終わった,,,,2020/2/15 15:52,2020/3/15 0:00,改訂新版 図解 膠原病がよくわかる最新治療と正しい知識,橋本博史,日東書院本社,2016,本,192
1,4.10E+09,9.78E+12,小説,4,読み終わった,,,,2020/2/15 15:51,2020/2/13 0:00,夜のピクニック (新潮文庫),恩田陸,新潮社,2006,本,464
1,457551344X,9.78E+12,小説,4,読み終わった,,,,2020/2/15 15:48,2020/1/24 0:00,告白 (双葉文庫),湊かなえ,双葉社,2010,本,317
1,4.80E+09,9.78E+12,その他,4,読み終わった,,ワイン,,2020/2/15 15:48,2020/2/6 0:00,図解 ワイン一年生,小久保尊,サンクチュアリ出版(サンクチュアリ・パブリッシング),2015,本,280
1,4.82E+09,9.78E+12,歴史・伝記,4,読み終わった,,歴史,,2020/2/15 15:48,2020/2/7 0:00,一度読んだら絶対に忘れない日本史の教科書,山?圭一,SBクリエイティブ,2019,本,352
1,4.10E+09,9.78E+12,小説,4,読み終わった,,,,2020/2/15 15:48,2020/2/8 0:00,沈黙 (新潮文庫 え-1-15 新潮文庫),遠藤周作,新潮社,1981,本,320
1,B074754B87,,学習・教育,4,読み終わった,,英語,,2020/2/15 15:47,2020/1/18 0:00,難しいことはわかりませんが、英語が話せる方法を教えてください！,スティーブ・ソレイシィ,文響社,2017,電子書籍,331
1,4.17E+09,9.78E+12,小説,5,読み終わった,,,,2020/2/15 15:47,2020/1/21 0:00,手紙 (文春文庫),東野圭吾,文藝春秋,2006,本,432
1,4.76E+09,9.78E+12,自己啓発,4,読み終わった,,睡眠,,2020/2/15 15:47,2020/1/23 0:00,スタンフォード式 最高の睡眠,西野精治,サンマーク出版,2017,本,251
1,4.57E+09,9.78E+12,経営戦略,4,読み終わった,,経営,,2020/2/15 15:46,2019/11/26 0:00,福岡市が地方最強の都市になった理由,木下斉,PHPエディターズ・グループ,2018,本,302
1,B01M34P0KN,,自己啓発,3,読み終わった,,組織・人,,2020/2/15 15:45,2019/12/19 0:00,左遷社員池田　リーダーになる: 昨日の会社、今日の仕事、明日の自分 (ビジネス小説),鈴木孝博,リーブル出版,2016,電子書籍,202
1,404275001X,9.78E+12,自己啓発,3,読み終わった,,人生観,,2020/2/15 15:45,2019/12/21 0:00,アルケミスト 夢を旅した少年 (角川文庫),パウロ・コエーリョ,角川書店,1997,本,208
1,4.00E+09,9.78E+12,小説,4,読み終わった,,,,2020/2/15 15:45,2020/1/4 0:00,変身 他一篇(変身・断食芸人) (岩波文庫),フランツ・カフカ,岩波書店,2004,本,150
1,4.16E+09,9.78E+12,その他,4,読み終わった,,教養,,2020/2/15 15:45,2020/1/11 0:00,世界を変えた10冊の本,池上彰,文藝春秋,2011,本,272
1,433403425X,9.78E+12,会計・ファイナンス,3,読み終わった,,お金,,2020/2/15 15:44,2019/12/4 0:00,お金は銀行に預けるな 金融リテラシーの基本と実践 (光文社新書),勝間和代,光文社,2007,本,232
1,4.48E+09,9.78E+12,自己啓発,5,読み終わった,,人生観,,2020/2/15 15:44,2019/12/4 0:00,嫌われる勇気 自己啓発の源流「アドラー」の教え,岸見一郎,ダイヤモンド社,2013,本,296
1,4.53E+09,9.78E+12,自己啓発,4,読み終わった,,読書術,,2020/2/15 15:43,2019/12/27 0:00,本を読む人だけが手にするもの,藤原和博,日本実業出版社,2015,本,
1,4.00E+09,9.78E+12,その他,4,読み終わった,,,,2020/2/15 15:43,2019/12/29 0:00,星の王子さま (岩波文庫 赤),内藤濯,岩波書店,2017,本,224
1,4.17E+09,9.78E+12,小説,5,読み終わった,,,,2020/2/15 15:43,2019/12/17 0:00,コンビニ人間 (文春文庫),村田沙耶香,文藝春秋,2018,本,176
1,4.86E+09,9.78E+12,哲学・宗教,4,読み終わった,,宗教,,2020/2/15 15:43,2019/12/1 0:00,池上彰と考える、仏教って何ですか? 文庫版,池上彰,飛鳥新社,2014,本,227
1,4.17E+09,9.78E+12,哲学・宗教,4,読み終わった,,宗教,,2020/2/15 15:42,2019/12/11 0:00,池上彰の宗教がわかれば世界が見える (文春新書),池上彰,文藝春秋,2011,本,272
1,447810347X,9.78E+12,経営戦略,4,読み終わった,,経営,,2020/2/15 15:41,2019/11/23 0:00,福岡市を経営する,高島宗一郎,ダイヤモンド社,2018,本,264
1,447810929X,9.78E+12,仕事術,4,読み終わった,,人事労務,,2020/2/15 15:41,2019/12/7 0:00,HR Standard 2020 組織と人事をつくる人材マネジメントの起点,大野順也,ダイヤモンド社,2019,本,296
1,477620911X,9.78E+12,自己啓発,3,読み終わった,,お金,,2020/2/15 15:41,2019/12/26 0:00,はじめての人のための3000円投資生活,横山光昭,アスコム,2016,本,223
1,4.48E+09,9.78E+12,仕事術,4,読み終わった,,文章力,,2020/2/15 15:40,2019/11/21 0:00,入門 考える技術・書く技術 日本人のロジカルシンキング実践法,山崎康司,ダイヤモンド社,2011,本,168
1,4.80E+09,9.78E+12,経済・社会科学,4,読み終わった,,心理学,,2020/2/15 15:32,2019/11/15 0:00,鈍感な世界に生きる敏感な人たち,イルセ・サン,ディスカヴァー・トゥエンティワン,2016,本,232
1,B009CTUGIQ,,仕事術,3,読み終わった,,時間術,,2020/2/15 15:32,2019/11/20 0:00,レバレッジ時間術 ノーリスク・ハイリターンの成功原則 (幻冬舎新書),本田 直之,幻冬舎,2007,電子書籍,145
1,4.48E+09,9.78E+12,自己啓発,4,読み終わった,,人生観,,2020/2/15 15:31,2019/11/13 0:00,現代語訳 論語と算盤 (ちくま新書 827),渋沢栄一,筑摩書房,2010,本,256
1,B016M3G06G,,その他,3,読み終わった,,教養,,2020/2/15 15:31,2019/11/15 0:00,人生を面白くする 本物の教養 (幻冬舎新書),出口治明,幻冬舎,2015,電子書籍,210
1,4.80E+09,9.78E+12,経済・社会科学,4,読み終わった,,経済,,2020/2/15 15:30,2019/11/6 0:00,知識ゼロでも今すぐ使える! 行動経済学見るだけノート,真壁昭夫,宝島社,2018,本,192
1,4.76E+09,9.78E+12,仕事術,3,読み終わった,,インストラクション,,2020/2/15 15:30,2019/11/19 0:00,研修設計マニュアル 人材育成のためのインストラクショナルデザイン,鈴木克明,北大路書房,2015,本,304
1,4.76E+09,9.78E+12,自己啓発,3,読み終わった,,片付け,,2020/2/15 15:30,2019/11/8 0:00,人生がときめく片づけの魔法,近藤麻理恵,サンマーク出版,2010,本,270
1,4.87E+09,9.78E+12,自己啓発,4,読み終わった,,働き方,,2020/2/15 15:30,2019/11/13 0:00,働く君に贈る25の言葉,佐々木常夫,WAVE出版,2010,本,192
1,B01ARO2B1Y,,哲学・宗教,4,読み終わった,,哲学,,2020/2/15 15:29,2019/10/1 0:00,マンガで読む名作　ソクラテスの弁明,プラトン,日本文芸社,2010,電子書籍,195
1,B07NQ47HWV,,芸術・スポーツ,4,読み終わった,,筋トレ,,2020/2/15 15:29,2019/10/4 0:00,科学的に正しい筋トレ 最強の教科書,庵野 拓将,KADOKAWA,2019,電子書籍,352
1,4.76E+09,9.78E+12,仕事術,5,読み終わった,,人生観,,2020/2/15 15:29,2019/11/6 0:00,エッセンシャル思考 最少の時間で成果を最大にする,グレッグ・マキューン,かんき出版,2014,本,320
1,B00TIK9PKO,,仕事術,3,読み終わった,,働き方,,2020/2/15 15:28,2019/9/14 0:00,外資系コンサルの知的生産術～プロだけが知る「99の心得」～ (光文社新書),山口 周,光文社,2015,電子書籍,286
1,B00DLSZKGM,,漫画,4,読み終わった,,,,2020/2/15 15:28,2019/9/25 0:00,破戒　─まんがで読破─,島崎藤村,イースト・プレス,2007,電子書籍,194
1,4.07E+09,9.78E+12,経済・社会科学,4,読み終わった,,社会,,2020/2/15 15:28,2019/10/9 0:00,日本社会のしくみ 雇用・教育・福祉の歴史社会学 (講談社現代新書),小熊英二,講談社,2019,本,608
1,4.90E+09,9.78E+12,経済・社会科学,3,読み終わった,,エネルギー,,2020/2/15 15:28,2019/10/22 0:00,エネルギー問題入門 カリフォルニア大学バークレー校特別講義,リチャード・ムラー,楽工社,2014,本,400
1,4.06E+09,9.78E+12,ノンフィクション・エッセイ,4,読み終わった,,ips細胞,,2020/2/15 15:27,2019/8/30 0:00,山中伸弥先生に、人生とiPS細胞について聞いてみた,山中伸弥,講談社,2012,本,194
1,4.76E+09,9.78E+12,仕事術,3,読み終わった,,話し方,,2020/2/15 15:27,2019/9/2 0:00,〈決定版〉セミナー講師の教科書 テーマの見つけ方から集客、ブランド・ビジネスモデル構築まで,立石剛,かんき出版,2016,本,288
1,4.80E+09,9.78E+12,自然科学,3,読み終わった,,宇宙,,2020/2/15 15:27,2019/9/6 0:00,眠れなくなる宇宙のはなし,佐藤勝彦,宝島社,2008,本,264
1,4.42E+09,9.78E+12,自己啓発,5,読み終わった,,コミュニケーション,,2020/2/15 15:27,2019/9/8 0:00,人を動かす,山口博,創元社,1999,本,352
1,4.81E+09,9.78E+12,仕事術,4,読み終わった,,話し方,,2020/2/15 15:26,2019/8/17 0:00,はじめて講師を頼まれたら読む本,大谷由里子,KADOKAWA,2009,本,224
1,482224816X,9.78E+12,仕事術,4,読み終わった,,話し方,,2020/2/15 15:26,2019/8/18 0:00,スティーブ・ジョブズ 驚異のプレゼン 人々を惹きつける18の法則,カーマイン・ガロ,日経BP社,2010,本,408
1,4.04E+09,9.78E+12,IT・統計,4,読み終わった,,AI,,2020/2/15 15:26,2019/8/24 0:00,人工知能は人間を超えるか ディープラーニングの先にあるもの,松尾豊,KADOKAWA,2015,本,264
1,4.48E+09,9.78E+12,仕事術,4,読み終わった,,問題解決,,2020/2/15 15:26,2019/8/25 0:00,世界一やさしい問題解決の授業,渡辺健介,ダイヤモンド社,2007,本,120
1,456982773X,9.78E+12,仕事術,3,読み終わった,,思考,,2020/2/15 15:25,2019/8/15 0:00,メタ思考トレーニング 発想力が飛躍的にアップする34問 (PHPビジネス新書),細谷功,PHP研究所,2016,本,236
1,4.48E+09,9.78E+12,仕事術,4,読み終わった,,アイディア,,2020/2/15 15:25,2019/8/15 0:00,アイデアのつくり方,ジェームス・W.ヤング,ティビーエス・ブリタニカ,1988,本,102
1,4.53E+09,9.78E+12,経済・社会科学,4,読み終わった,,経済,,2020/2/15 15:24,2019/8/10 0:00,経済ってそういうことだったのか会議,佐藤雅彦,日本経済新聞出版社,2000,本,357
1,4.53E+09,9.78E+12,経済・社会科学,4,読み終わった,,経済,,2020/2/15 15:24,2019/8/10 0:00,池上彰のやさしい経済学 1 しくみがわかる,池上彰,日本経済新聞出版社,2012,本,256
1,4.49E+09,9.78E+12,IT・統計,3,読み終わった,,AI,,2020/2/15 15:24,2019/8/12 0:00,AI vs. 教科書が読めない子どもたち,新井紀子,東洋経済新報社,2018,本,288
1,4.02E+09,9.78E+12,会計・ファイナンス,3,読み終わった,,お金,,2020/2/15 15:24,2019/8/15 0:00,池上彰のお金の学校 知らないと損する (朝日新書),池上彰,朝日新聞出版,2011,本,232
1,B00DLT00S4,,漫画,3,読み終わった,,,,2020/2/15 15:23,2019/8/5 0:00,吾輩は猫である　―まんがで読破―,夏目漱石,イースト・プレス,2010,電子書籍,193
1,4.48E+09,9.78E+12,自己啓発,4,読み終わった,,お金,,2020/2/15 15:23,2019/8/7 0:00,金持ち父さん 貧乏父さん,白根美保子,筑摩書房,2000,本,
1,B00DLSZKAS,,漫画,3,読み終わった,,,,2020/2/15 15:23,2019/8/8 0:00,こころ　─まんがで読破─,夏目漱石,イースト・プレス,2007,電子書籍,194
1,4.48E+09,9.78E+12,ノンフィクション・エッセイ,4,読み終わった,,思考,,2020/2/15 15:22,2019/7/15 0:00,思考の整理学 (ちくま文庫),外山滋比古,筑摩書房,1986,本,232
1,4.49E+09,9.78E+12,その他,2,読み終わった,,読書術,,2020/2/15 15:22,2019/7/16 0:00,「読む力」と「地頭力」がいっきに身につく 東大読書,西岡壱誠,東洋経済新報社,2018,本,284
1,B00RS6RBQ0,,仕事術,3,読み終わった,,働き方,,2020/2/15 15:22,2019/7/17 0:00,実践！　タイムマネジメント研修: より少ない時間で、より高い成果を出すために 実践シリーズ (株式会社ポテンシャル・ディスカバリー・コンサルティング),坂本　健,株式会社ポテンシャル・ディスカバリー・コンサルティング,2015,電子書籍,243
1,486113949X,9.78E+12,自己啓発,3,読み終わった,,お金,,2020/2/15 15:22,2019/8/4 0:00,誰も教えてくれないお金の話,うだひろえ,サンクチュアリパブリッシング,2010,本,224
1,4.05E+09,9.78E+12,自己啓発,4,読み終わった,,読書術,,2020/2/15 15:21,2019/2/28 0:00,外資系コンサルが教える 読書を仕事につなげる技術,山口周,KADOKAWA,2015,本,258
1,B017SSU4K2,,自己啓発,3,読み終わった,,働き方,,2020/2/15 15:21,2019/7/14 0:00,社会人として大切なことはみんなディズニーランドで教わった―そうか、「働くこと」「教えること」「本当のサービス」ってこういうことなんだ！,香取貴信,ゴマブックス株式会社,,電子書籍,217
1,4.76E+09,9.78E+12,その他,3,読み終わった,,読書術,,2020/2/15 15:21,2019/7/15 0:00,読んだら忘れない読書術,樺沢紫苑,サンマーク出版,2015,本,
1,B07D3LS3WX,,仕事術,4,読み終わった,,心理学,,2020/2/15 15:20,2019/7/12 0:00,いい緊張は能力を2倍にする,樺沢紫苑,文響社,2018,電子書籍,261
1,4.84E+09,9.78E+12,仕事術,4,読み終わった,"デザインの基本の4つの原則
・近接
・整列
・反復
・コントラスト
を、図例をもとに理解することができる。

他にも、色の選び方や、日本語をデザインする上でのポイントも記載してあり、とても参考になった。

仕事でパワポのスライドを作ることが多いので、この本の内容を是非活かしたいと思う。",デザイン,,2020/2/15 15:20,2020/4/26 0:00,ノンデザイナーズ・デザインブック [第4版],吉川典秀,マイナビ出版,2016,本,260
1,4.48E+09,9.78E+12,自己啓発,4,読み終わった,,人生観,,2020/2/15 15:20,2019/7/13 0:00,ゼロ なにもない自分に小さなイチを足していく,堀江貴文,ダイヤモンド社,2013,本,240
1,B075N1HPKL,,経済・社会科学,3,読み終わった,,人生観,,2020/2/15 15:15,2019/7/1 0:00,モチベーション革命　稼ぐために働きたくない世代の解体書 (NewsPicks Book),尾原和啓,幻冬舎,2017,電子書籍,225
1,B00DLSZTC2,,漫画,3,読み終わった,,,,2020/2/15 15:15,2019/7/1 0:00,武士道　─まんがで読破─,新渡戸稲造,イースト・プレス,2008,電子書籍,193
1,B00DLSZKDK,,漫画,3,読み終わった,,,,2020/2/15 15:15,2019/7/3 0:00,人間失格　─まんがで読破─,太宰治,イースト・プレス,2007,電子書籍,194
1,B00DLSZM24,,漫画,4,読み終わった,,,,2020/2/15 15:15,2019/7/5 0:00,銀河鉄道の夜　─まんがで読破─,宮沢賢治,イースト・プレス,2007,電子書籍,188
1,4.14E+09,9.78E+12,その他,3,読み終わった,,教養,,2020/2/15 15:14,2019/6/30 0:00,おとなの教養 私たちはどこから来て、どこへ行くのか? (NHK出版新書 431),池上彰,NHK出版,2014,本,240
1,4.48E+09,9.78E+12,仕事術,3,読み終わった,,コミュニケーション,,2020/2/15 15:13,2019/6/30 0:00,伝え方が9割,佐々木圭一,ダイヤモンド社,2013,本,212
1,4.80E+09,9.78E+12,歴史・伝記,4,読み終わった,,歴史,,2020/2/15 15:13,2019/5/9 0:00,一度読んだら絶対に忘れない世界史の教科書 公立高校教師YouTuberが書いた,山?圭一,SBクリエイティブ,2018,本,352
1,4.02E+09,9.78E+12,仕事術,4,読み終わった,,アイディア,,2020/2/15 15:12,2019/6/29 0:00,センスは知識からはじまる,水野学,朝日新聞出版,2014,本,192
1,B0797K44CH,,経済・社会科学,3,読み終わった,,その他,,2020/2/15 15:12,2019/6/29 0:00,日本再興戦略 (NewsPicks Book),落合陽一,幻冬舎,2018,電子書籍,221
1,4.80E+09,9.78E+12,自己啓発,4,読み終わった,,人生観,,2020/2/15 15:12,2019/6/30 0:00,好奇心を?天職?に変える 空想教室,植松努,サンクチュアリ出版,2015,本,
1,4.06E+09,9.78E+12,自己啓発,4,読み終わった,,組織・人,,2020/2/15 15:11,2019/6/23 0:00,ハードワーク 勝つためのマインド・セッティング (講談社+α文庫),エディー・ジョーンズ,講談社,2018,本,208
1,4.34E+09,9.78E+12,自己啓発,5,読み終わった,,ビジネス,,2020/2/15 15:11,2019/6/28 0:00,破天荒フェニックス オンデーズ再生物語,田中修治,幻冬舎,2018,本,496
1,B077N93YYV,,会計・ファイナンス,3,読み終わった,,お金,,2020/2/15 15:11,2019/6/28 0:00,お金2.0　新しい経済のルールと生き方 (NewsPicks Book),佐藤航陽,幻冬舎,2017,電子書籍,228
1,4.80E+09,9.78E+12,会計・ファイナンス,3,読み終わった,,お金,,2020/2/15 15:10,2019/6/1 0:00,いまさら聞けないビットコインとブロックチェーン,大塚雄介,ディスカヴァー・トゥエンティワン,2017,本,255
1,4.82E+09,9.78E+12,経済・社会科学,4,読み終わった,,思考,,2020/2/15 15:10,2019/6/30 0:00,FACTFULNESS(ファクトフルネス) 10の思い込みを乗り越え、データを基に世界を正しく見る習慣,ハンス・ロスリング,日経BP社,2019,本,400
1,4.84E+09,9.78E+12,その他,3,読み終わった,,お金,,2020/2/15 15:09,2019/6/1 0:00,世界一受けたいお金の授業 一生お金に困らない「稼ぐ、使う、貯める」技術 (知的生きかた文庫),和仁達也,三笠書房,2013,本,224
1,B01GPCKJWK,,仕事術,4,読み終わった,,働き方,,2020/2/15 15:08,2019/1/9 0:00,なぜ、あなたの仕事は終わらないのか スピードは最強の武器である,中島聡,文響社,2016,電子書籍,207
1,4.09E+09,9.78E+12,自己啓発,3,読み終わった,,自己啓発,,2020/2/15 15:08,2019/4/5 0:00,ザ・コーチ 最高の自分に気づく本 (小学館文庫プレジデントセレクト),谷口貴彦,小学館,2016,本,248
1,B073CD4KYY,,芸術・スポーツ,5,読み終わった,,食事,,2020/2/15 15:08,2018/9/28 0:00,筋トレビジネスエリートがやっている最強の食べ方,Testosterone,KADOKAWA,2017,電子書籍,164
1,4.80E+09,9.78E+12,仕事術,3,読み終わった,,コミュニケーション,,2020/2/15 15:08,2019/6/30 0:00,1分で話せ 世界のトップが絶賛した大事なことだけシンプルに伝える技術,伊藤羊一,SBクリエイティブ,2018,本,240
1,4.82E+09,9.78E+12,仕事術,3,読み終わった,,人事労務,,2020/2/15 15:07,2019/10/9 0:00,人材開発部 (図解でわかる部門の仕事),日本能率協会マネジメントセンター,日本能率協会マネジメントセンター,2007,本,264
1,4.57E+09,9.78E+12,自己啓発,5,読み終わった,,人生観,,2020/2/15 15:07,2019/3/13 0:00,道をひらく (松下幸之助シリーズ),松下幸之助,PHP研究所,1968,本,272
1,4.48E+09,9.78E+12,自己啓発,3,読み終わった,,コーチング,,2020/2/15 15:07,2019/12/11 0:00,コーチング 言葉と信念の魔術,落合博満,ダイヤモンド社,2001,本,240
1,4.06E+09,9.78E+12,その他,4,読み終わった,,読書術,,2020/2/15 15:06,2019/9/25 0:00,本を読む本 (講談社学術文庫),外山滋比古,講談社,1997,本,266
1,4.06E+09,9.78E+12,自己啓発,3,読み終わった,,勉強法,,2020/2/15 15:06,2019/2/12 0:00,最短で結果が出る超勉強法,荘司雅彦,講談社,2007,本,
1,4.48E+09,9.78E+12,経済・社会科学,2,読み終わった,,経済,,2020/2/15 15:05,2019/4/17 0:00,今までで一番やさしい経済の教科書,木暮太一,ダイヤモンド社,2009,本,280
1,4.31E+09,9.78E+12,哲学・宗教,4,読み終わった,,哲学,,2020/2/15 15:05,2019/9/11 0:00,史上最強の哲学入門 (河出文庫),飲茶,河出書房新社,2015,本,352
1,4.31E+09,9.78E+12,哲学・宗教,3,読み終わった,,哲学,,2020/2/15 15:05,2019/9/25 0:00,史上最強の哲学入門 東洋の哲人たち (河出文庫),飲茶,河出書房新社,2016,本,456
1,4.00E+09,9.78E+12,哲学・宗教,3,読み終わった,,哲学,,2020/2/15 15:05,2019/9/30 0:00,ソクラテスの弁明・クリトン (岩波文庫),プラトン,岩波書店,1964,本,118
1,4.57E+09,9.78E+12,仕事術,3,読み終わった,,コミュニケーション,,2020/2/15 15:04,2019/5/7 0:00,「話す」「書く」「聞く」能力が仕事を変える! 伝える力 (PHPビジネス新書),池上彰,PHP研究所,2007,本,208
1,434403385X,9.78E+12,歴史・伝記,4,読み終わった,,歴史,,2020/2/15 15:04,2019/5/8 0:00,日本国紀,百田尚樹,幻冬舎,2018,本,
1,4.53E+09,9.78E+12,会計・ファイナンス,3,読み終わった,,会計,,2020/2/15 15:01,2019/8/7 0:00,会計の基本,岩谷誠治,日本実業出版社,2010,本,240
1,4.88E+09,9.78E+12,会計・ファイナンス,4,読み終わった,,会計,,2020/2/15 15:01,2019/5/26 0:00,人事屋が書いた経理の本 MGから生まれた戦略会計マニュアル,協和醗酵工業,ソーテック社,1978,本,240
1,4.33E+09,9.78E+12,会計・ファイナンス,4,読み終わった,,会計,,2020/2/15 15:00,2019/5/22 0:00,さおだけ屋はなぜ潰れないのか? 身近な疑問からはじめる会計学 (光文社新書),山田真哉,光文社,2005,本,232
1,4.33E+09,9.78E+12,会計・ファイナンス,4,読み終わった,,会計,,2020/2/15 15:00,2019/5/24 0:00,ざっくり分かるファイナンス 経営センスを磨くための財務 (光文社新書),石野雄一,光文社,2007,本,240
1,4.81E+09,9.78E+12,会計・ファイナンス,3,読み終わった,,会計,,2020/2/15 15:00,2019/8/15 0:00,会社法対応 会計のことが面白いほどわかる本<会計の基本の基本編>,天野敦之,KADOKAWA,2006,本,304
1,4.41E+09,9.78E+12,経済・社会科学,5,読み終わった,,心理学,,2020/2/15 14:59,2019/5/15 0:00,影響力の武器 なぜ、人は動かされるのか,社会行動研究会,誠信書房,2007,本,496
1,4.48E+09,9.78E+12,経営戦略,3,読み終わった,,マーケティング,,2020/2/15 14:58,2019/4/9 0:00,MBAマーケティング,グロービス・マネジメント・インスティテュート,ダイヤモンド社,2005,本,240
1,4.48E+09,9.78E+12,仕事術,4,読み終わった,,分析,,2020/2/15 14:58,2020/3/15 0:00,意思決定のための「分析の技術」 最大の経営成果をあげる問題発見・解決の思考法,後正武,ダイヤモンド社,1998,本,280
1,4.48E+09,9.78E+12,仕事術,3,読み終わった,,問題解決,,2020/2/15 14:58,2019/4/23 0:00,問題解決プロフェッショナル「思考と技術」 思考と技術,齋藤嘉則,ダイヤモンド社,2010,本,216
1,4.48E+09,9.78E+12,経営戦略,3,読み終わった,,経営戦略,,2020/2/15 14:57,2019/4/23 0:00,MBA経営戦略,グロービス・マネジメント・インスティテュート,ダイヤモンド社,1999,本,240
1,4.84E+09,9.78E+12,自己啓発,4,読み終わった,,勉強法,,2020/2/15 14:36,2019/1/21 0:00,「1日30分」を続けなさい! 人生勝利の勉強法55,古市幸雄,マガジンハウス,2007,本,224
1,4.80E+09,9.78E+12,その他,3,読み終わった,,働き方,,2020/2/15 14:35,2018/12/1 0:00,働き方の哲学,村山昇,ディスカヴァー・トゥエンティワン,2018,本,264
1,B07PWM93DN,,自己啓発,3,読み終わった,,人生観,,2020/2/15 14:35,2018/12/28 0:00,多動力 (幻冬舎文庫),堀江貴文,幻冬舎,2019,電子書籍,202
1,4.84E+09,9.78E+12,その他,4,読み終わった,,生き方,,2020/2/15 14:35,2018/12/23 0:00,漫画 君たちはどう生きるか,吉野源三郎,マガジンハウス,2017,本,320
1,430922671X,9.78E+12,歴史・伝記,4,読み終わった,,歴史,,2020/2/15 14:35,2019/1/7 0:00,サピエンス全史 上 文明の構造と人類の幸福,ユヴァル・ノア・ハラリ,河出書房新社,2016,本,272
1,4.31E+09,9.78E+12,歴史・伝記,5,読み終わった,,歴史,,2020/2/15 14:35,2019/1/14 0:00,サピエンス全史 下 文明の構造と人類の幸福,ユヴァル・ノア・ハラリ,河出書房新社,2016,本,296
1,B06XQ1H6PZ,,仕事術,3,読み終わった,,メール術,,2020/2/15 14:34,2018/9/30 0:00,仕事が速い人はどんなメールを書いているのか,平野友朗,文響社,2017,電子書籍,160
1,B00TNZX8YS,,仕事術,3,読み終わった,,コミュニケーション,,2020/2/15 14:34,2018/11/11 0:00,ロジカル・プレゼンテーション ― 自分の考えを効果的に伝える戦略コンサルタントの「提案の技術」,高田貴久,英治出版,2004,電子書籍,392
1,B07F6ZNYDG,,仕事術,4,読み終わった,,コミュニケーション,,2020/2/15 14:34,2018/12/1 0:00,東大院生が開発！ 頭のいい説明は型で決まる,犬塚 壮志,PHP研究所,2018,電子書籍,264
100,64130,,漫画,4,読み終わった,,,,2019/7/21 10:34,2019/7/21 0:00,左利きのエレン1～14,かっぴー,,,電子書籍,
,,,,,,,,,,,,,,,,
,,,,,,,,,,,,,,,,
,,,,,,,,,,,,,,,,
,,,,,,,,,,,,,,,,
,,,,,,,,,,,,,,,,
,,,,,,,,,,,,,,,,
,,,,,,,,,,,,,,,,
,,,,,,,,,,,,,,,,
,,,,,,,,,,,,,,,,
,,,,,,,,,,,,,,,,
,,,,,,,,,,,,,,,,
,,,,,,,,,,,,,,,,
,,,,,,,,,,,,,,,,
,,,,,,,,,,,,,,,,
,,,,,,,,,,,,,,,,
,,,,,,,,,,,,,,,,
,,,,,,,,,,,,,,,,
,,,,,,,,,,,,,,,,
,,,,,,,,,,,,,,,,
,,,,,,,,,,,,,,,,
,,,,,,,,,,,,,,,,
,,,,,,,,,,,,,,,,
,,,,,,,,,,,,,,,,
,,,,,,,,,,,,,,,,
,,,,,,,,,,,,,,,,
,,,,,,,,,,,,,,,,
,,,,,,,,,,,,,,,,
,,,,,,,,,,,,,,,,
,,,,,,,,,,,,,,,,
,,,,,,,,,,,,,,,,
,,,,,,,,,,,,,,,,
,,,,,,,,,,,,,,,,
,,,,,,,,,,,,,,,,
,,,,,,,,,,,,,,,,
,,,,,,,,,,,,,,,,
,,,,,,,,,,,,,,,,
,,,,,,,,,,,,,,,,
,,,,,,,,,,,,,,,,
,,,,,,,,,,,,,,,,
,,,,,,,,,,,,,,,,
,,,,,,,,,,,,,,,,
,,,,,,,,,,,,,,,,
,,,,,,,,,,,,,,,,
,,,,,,,,,,,,,,,,
,,,,,,,,,,,,,,,,
,,,,,,,,,,,,,,,,
,,,,,,,,,,,,,,,,
,,,,,,,,,,,,,,,,
,,,,,,,,,,,,,,,,
,,,,,,,,,,,,,,,,
,,,,,,,,,,,,,,,,
,,,,,,,,,,,,,,,,
,,,,,,,,,,,,,,,,
,,,,,,,,,,,,,,,,
,,,,,,,,,,,,,,,,
,,,,,,,,,,,,,,,,
,,,,,,,,,,,,,,,,
,,,,,,,,,,,,,,,,
,,,,,,,,,,,,,,,,
,,,,,,,,,,,,,,,,
,,,,,,,,,,,,,,,,
,,,,,,,,,,,,,,,,
,,,,,,,,,,,,,,,,
,,,,,,,,,,,,,,,,
,,,,,,,,,,,,,,,,
,,,,,,,,,,,,,,,,
,,,,,,,,,,,,,,,,
,,,,,,,,,,,,,,,,
,,,,,,,,,,,,,,,,
,,,,,,,,,,,,,,,,
,,,,,,,,,,,,,,,,
,,,,,,,,,,,,,,,,
,,,,,,,,,,,,,,,,
,,,,,,,,,,,,,,,,
,,,,,,,,,,,,,,,,
,,,,,,,,,,,,,,,,
,,,,,,,,,,,,,,,,
,,,,,,,,,,,,,,,,
,,,,,,,,,,,,,,,,
,,,,,,,,,,,,,,,,
,,,,,,,,,,,,,,,,
,,,,,,,,,,,,,,,,
,,,,,,,,,,,,,,,,
,,,,,,,,,,,,,,,,
,,,,,,,,,,,,,,,,
,,,,,,,,,,,,,,,,
,,,,,,,,,,,,,,,,
,,,,,,,,,,,,,,,,
,,,,,,,,,,,,,,,,
,,,,,,,,,,,,,,,,
,,,,,,,,,,,,,,,,
,,,,,,,,,,,,,,,,
,,,,,,,,,,,,,,,,
,,,,,,,,,,,,,,,,
,,,,,,,,,,,,,,,,
,,,,,,,,,,,,,,,,
,,,,,,,,,,,,,,,,
,,,,,,,,,,,,,,,,
,,,,,,,,,,,,,,,,
,,,,,,,,,,,,,,,,
,,,,,,,,,,,,,,,,
,,,,,,,,,,,,,,,,
,,,,,,,,,,,,,,,,
,,,,,,,,,,,,,,,,
,,,,,,,,,,,,,,,,
,,,,,,,,,,,,,,,,
,,,,,,,,,,,,,,,,
,,,,,,,,,,,,,,,,
,,,,,,,,,,,,,,,,
,,,,,,,,,,,,,,,,
,,,,,,,,,,,,,,,,
,,,,,,,,,,,,,,,,
,,,,,,,,,,,,,,,,
,,,,,,,,,,,,,,,,
,,,,,,,,,,,,,,,,
,,,,,,,,,,,,,,,,
,,,,,,,,,,,,,,,,
,,,,,,,,,,,,,,,,
,,,,,,,,,,,,,,,,
,,,,,,,,,,,,,,,,
,,,,,,,,,,,,,,,,
,,,,,,,,,,,,,,,,
,,,,,,,,,,,,,,,,
,,,,,,,,,,,,,,,,
,,,,,,,,,,,,,,,,
,,,,,,,,,,,,,,,,
,,,,,,,,,,,,,,,,
,,,,,,,,,,,,,,,,
,,,,,,,,,,,,,,,,
,,,,,,,,,,,,,,,,
,,,,,,,,,,,,,,,,
,,,,,,,,,,,,,,,,
,,,,,,,,,,,,,,,,
,,,,,,,,,,,,,,,,
,,,,,,,,,,,,,,,,
,,,,,,,,,,,,,,,,
,,,,,,,,,,,,,,,,
,,,,,,,,,,,,,,,,
,,,,,,,,,,,,,,,,
,,,,,,,,,,,,,,,,
,,,,,,,,,,,,,,,,
,,,,,,,,,,,,,,,,
,,,,,,,,,,,,,,,,
,,,,,,,,,,,,,,,,
,,,,,,,,,,,,,,,,
,,,,,,,,,,,,,,,,
,,,,,,,,,,,,,,,,
,,,,,,,,,,,,,,,,
,,,,,,,,,,,,,,,,
,,,,,,,,,,,,,,,,
,,,,,,,,,,,,,,,,
,,,,,,,,,,,,,,,,
,,,,,,,,,,,,,,,,
,,,,,,,,,,,,,,,,
,,,,,,,,,,,,,,,,
,,,,,,,,,,,,,,,,
,,,,,,,,,,,,,,,,
,,,,,,,,,,,,,,,,
,,,,,,,,,,,,,,,,
,,,,,,,,,,,,,,,,
,,,,,,,,,,,,,,,,
,,,,,,,,,,,,,,,,
,,,,,,,,,,,,,,,,
,,,,,,,,,,,,,,,,
,,,,,,,,,,,,,,,,
,,,,,,,,,,,,,,,,
,,,,,,,,,,,,,,,,
,,,,,,,,,,,,,,,,
,,,,,,,,,,,,,,,,
,,,,,,,,,,,,,,,,
,,,,,,,,,,,,,,,,
,,,,,,,,,,,,,,,,
,,,,,,,,,,,,,,,,
,,,,,,,,,,,,,,,,
,,,,,,,,,,,,,,,,
,,,,,,,,,,,,,,,,
,,,,,,,,,,,,,,,,
,,,,,,,,,,,,,,,,
,,,,,,,,,,,,,,,,
,,,,,,,,,,,,,,,,
,,,,,,,,,,,,,,,,
,,,,,,,,,,,,,,,,
,,,,,,,,,,,,,,,,
,,,,,,,,,,,,,,,,
,,,,,,,,,,,,,,,,
,,,,,,,,,,,,,,,,
,,,,,,,,,,,,,,,,
,,,,,,,,,,,,,,,,
,,,,,,,,,,,,,,,,
,,,,,,,,,,,,,,,,
,,,,,,,,,,,,,,,,
,,,,,,,,,,,,,,,,
,,,,,,,,,,,,,,,,
,,,,,,,,,,,,,,,,
,,,,,,,,,,,,,,,,
,,,,,,,,,,,,,,,,
,,,,,,,,,,,,,,,,
,,,,,,,,,,,,,,,,
,,,,,,,,,,,,,,,,
,,,,,,,,,,,,,,,,
,,,,,,,,,,,,,,,,
,,,,,,,,,,,,,,,,
,,,,,,,,,,,,,,,,
,,,,,,,,,,,,,,,,
,,,,,,,,,,,,,,,,
,,,,,,,,,,,,,,,,
,,,,,,,,,,,,,,,,
,,,,,,,,,,,,,,,,
,,,,,,,,,,,,,,,,
,,,,,,,,,,,,,,,,
,,,,,,,,,,,,,,,,
,,,,,,,,,,,,,,,,
,,,,,,,,,,,,,,,,
,,,,,,,,,,,,,,,,
,,,,,,,,,,,,,,,,
,,,,,,,,,,,,,,,,
,,,,,,,,,,,,,,,,
,,,,,,,,,,,,,,,,
,,,,,,,,,,,,,,,,
,,,,,,,,,,,,,,,,
,,,,,,,,,,,,,,,,
,,,,,,,,,,,,,,,,
,,,,,,,,,,,,,,,,
,,,,,,,,,,,,,,,,
,,,,,,,,,,,,,,,,
,,,,,,,,,,,,,,,,
,,,,,,,,,,,,,,,,
,,,,,,,,,,,,,,,,
,,,,,,,,,,,,,,,,
,,,,,,,,,,,,,,,,
,,,,,,,,,,,,,,,,
,,,,,,,,,,,,,,,,
,,,,,,,,,,,,,,,,
,,,,,,,,,,,,,,,,
,,,,,,,,,,,,,,,,
,,,,,,,,,,,,,,,,
,,,,,,,,,,,,,,,,
,,,,,,,,,,,,,,,,
,,,,,,,,,,,,,,,,
,,,,,,,,,,,,,,,,
,,,,,,,,,,,,,,,,
,,,,,,,,,,,,,,,,
,,,,,,,,,,,,,,,,
,,,,,,,,,,,,,,,,
,,,,,,,,,,,,,,,,
,,,,,,,,,,,,,,,,
,,,,,,,,,,,,,,,,
,,,,,,,,,,,,,,,,
,,,,,,,,,,,,,,,,
,,,,,,,,,,,,,,,,
,,,,,,,,,,,,,,,,
,,,,,,,,,,,,,,,,
,,,,,,,,,,,,,,,,
,,,,,,,,,,,,,,,,
,,,,,,,,,,,,,,,,
,,,,,,,,,,,,,,,,
,,,,,,,,,,,,,,,,
,,,,,,,,,,,,,,,,
,,,,,,,,,,,,,,,,
,,,,,,,,,,,,,,,,
,,,,,,,,,,,,,,,,
,,,,,,,,,,,,,,,,
,,,,,,,,,,,,,,,,
,,,,,,,,,,,,,,,,
,,,,,,,,,,,,,,,,
,,,,,,,,,,,,,,,,
,,,,,,,,,,,,,,,,
,,,,,,,,,,,,,,,,
,,,,,,,,,,,,,,,,
,,,,,,,,,,,,,,,,
,,,,,,,,,,,,,,,,
,,,,,,,,,,,,,,,,
,,,,,,,,,,,,,,,,
,,,,,,,,,,,,,,,,
,,,,,,,,,,,,,,,,
,,,,,,,,,,,,,,,,
,,,,,,,,,,,,,,,,
,,,,,,,,,,,,,,,,
,,,,,,,,,,,,,,,,
,,,,,,,,,,,,,,,,
,,,,,,,,,,,,,,,,
,,,,,,,,,,,,,,,,
,,,,,,,,,,,,,,,,
,,,,,,,,,,,,,,,,
,,,,,,,,,,,,,,,,
,,,,,,,,,,,,,,,,
,,,,,,,,,,,,,,,,
,,,,,,,,,,,,,,,,
,,,,,,,,,,,,,,,,
,,,,,,,,,,,,,,,,
,,,,,,,,,,,,,,,,
,,,,,,,,,,,,,,,,
,,,,,,,,,,,,,,,,
,,,,,,,,,,,,,,,,
,,,,,,,,,,,,,,,,
,,,,,,,,,,,,,,,,
,,,,,,,,,,,,,,,,
,,,,,,,,,,,,,,,,
,,,,,,,,,,,,,,,,
,,,,,,,,,,,,,,,,
,,,,,,,,,,,,,,,,
,,,,,,,,,,,,,,,,
,,,,,,,,,,,,,,,,
,,,,,,,,,,,,,,,,
,,,,,,,,,,,,,,,,
,,,,,,,,,,,,,,,,
,,,,,,,,,,,,,,,,
,,,,,,,,,,,,,,,,
,,,,,,,,,,,,,,,,
,,,,,,,,,,,,,,,,
,,,,,,,,,,,,,,,,
,,,,,,,,,,,,,,,,
,,,,,,,,,,,,,,,,
,,,,,,,,,,,,,,,,
,,,,,,,,,,,,,,,,
,,,,,,,,,,,,,,,,
,,,,,,,,,,,,,,,,
,,,,,,,,,,,,,,,,
,,,,,,,,,,,,,,,,
,,,,,,,,,,,,,,,,
,,,,,,,,,,,,,,,,
,,,,,,,,,,,,,,,,
,,,,,,,,,,,,,,,,
,,,,,,,,,,,,,,,,
,,,,,,,,,,,,,,,,
,,,,,,,,,,,,,,,,
,,,,,,,,,,,,,,,,
,,,,,,,,,,,,,,,,
,,,,,,,,,,,,,,,,
,,,,,,,,,,,,,,,,
,,,,,,,,,,,,,,,,
,,,,,,,,,,,,,,,,
,,,,,,,,,,,,,,,,
,,,,,,,,,,,,,,,,
,,,,,,,,,,,,,,,,
,,,,,,,,,,,,,,,,
,,,,,,,,,,,,,,,,
,,,,,,,,,,,,,,,,
,,,,,,,,,,,,,,,,
,,,,,,,,,,,,,,,,
,,,,,,,,,,,,,,,,
,,,,,,,,,,,,,,,,
,,,,,,,,,,,,,,,,
,,,,,,,,,,,,,,,,
,,,,,,,,,,,,,,,,
,,,,,,,,,,,,,,,,
,,,,,,,,,,,,,,,,
,,,,,,,,,,,,,,,,
,,,,,,,,,,,,,,,,
,,,,,,,,,,,,,,,,
,,,,,,,,,,,,,,,,
,,,,,,,,,,,,,,,,
,,,,,,,,,,,,,,,,
,,,,,,,,,,,,,,,,
,,,,,,,,,,,,,,,,
,,,,,,,,,,,,,,,,
,,,,,,,,,,,,,,,,
,,,,,,,,,,,,,,,,
,,,,,,,,,,,,,,,,
,,,,,,,,,,,,,,,,
,,,,,,,,,,,,,,,,
,,,,,,,,,,,,,,,,
,,,,,,,,,,,,,,,,
,,,,,,,,,,,,,,,,
,,,,,,,,,,,,,,,,
,,,,,,,,,,,,,,,,
,,,,,,,,,,,,,,,,
,,,,,,,,,,,,,,,,
,,,,,,,,,,,,,,,,
,,,,,,,,,,,,,,,,
,,,,,,,,,,,,,,,,
,,,,,,,,,,,,,,,,
,,,,,,,,,,,,,,,,
,,,,,,,,,,,,,,,,
,,,,,,,,,,,,,,,,
,,,,,,,,,,,,,,,,
,,,,,,,,,,,,,,,,
,,,,,,,,,,,,,,,,
